domain,url,warc_filename,warc_offset,warc_length,payload_sha256,n_claims,fetched_utc
atcbrokers.com,https://atcbrokers.com/cn/help-center/education/,crawl-data/CC-MAIN-2026-25/segments/1780687864152.89/warc/CC-MAIN-20260617153138-20260617183138-00847.warc.gz,90350739,38834,fca218cc676c1b543f1f7934a4d8afb74d9b04ca7c8ae20d7890ed61194126cf,3,2026-08-01T08:24:37Z
atcbrokers.com,https://atcbrokers.com/cn/learn/economic-calendar/,crawl-data/CC-MAIN-2026-25/segments/1780687864152.89/warc/CC-MAIN-20260617153138-20260617183138-00358.warc.gz,78032609,37140,27c220905c23fbfcc799840e89a8489566e50d2628e83a7ff438a0990fbf6ebf,3,2026-08-01T08:24:37Z
atcbrokers.com,https://atcbrokers.com/cn/learn/learn-to-trade/forex-charts/,crawl-data/CC-MAIN-2026-25/segments/1780687864152.89/warc/CC-MAIN-20260617153138-20260617183138-00434.warc.gz,90260090,39089,ed916ff03329d1d5fb5637068189eae463cb4bc83beef4cd3c9c70dd9dd06199,3,2026-08-01T08:24:37Z
atcbrokers.com,https://atcbrokers.com/cn/learn/learn-to-trade/position-sizing/,crawl-data/CC-MAIN-2026-25/segments/1780687864152.89/warc/CC-MAIN-20260617153138-20260617183138-00212.warc.gz,71890691,38775,e6bb6a2612bc72dd6630d2a8670f9d56c8e25b279e4c649121fe364fa33bf949,3,2026-08-01T08:24:37Z
atcbrokers.com,https://atcbrokers.com/cn/learn/learn-to-trade/the-importance-of-breakouts/,crawl-data/CC-MAIN-2026-25/segments/1780687864152.89/warc/CC-MAIN-20260617153138-20260617183138-00187.warc.gz,70869516,38740,21f32c263eb09b6ed6494878565555305aec5c08dd5a368a2feef913c359c9df,3,2026-08-01T08:24:37Z
atcbrokers.com,https://atcbrokers.com/cn/learn/learn-to-trade/trading-strategies/,crawl-data/CC-MAIN-2026-25/segments/1780687864152.89/warc/CC-MAIN-20260617153138-20260617183138-00659.warc.gz,77488743,39571,9793132550db7def44ffc7a559b82fdccf1b2042ce184784b25f579a5416f627,3,2026-08-01T08:24:37Z
atcbrokers.com,https://atcbrokers.com/cn/learn/learn-to-trade/what-are-cfds/,crawl-data/CC-MAIN-2026-25/segments/1780687864152.89/warc/CC-MAIN-20260617153138-20260617183138-00618.warc.gz,76142183,39683,71301218ae5fe3b745685cf66afc7c0baab168ec1082b087ad54c30a40b902af,4,2026-08-01T08:24:37Z
atcbrokers.com,https://atcbrokers.com/cn/learn/learn-to-trade/what-are-commodities/,crawl-data/CC-MAIN-2026-25/segments/1780687864152.89/warc/CC-MAIN-20260617153138-20260617183138-00903.warc.gz,76668705,39220,177baa3579073c0ab3c1df4538c54d36bdacd8dbaebe0c0bbea19d040634c1b6,3,2026-08-01T08:24:37Z
atcbrokers.com,https://atcbrokers.com/cn/learn/learn-to-trade/what-are-indicies/,crawl-data/CC-MAIN-2026-25/segments/1780687864152.89/warc/CC-MAIN-20260617153138-20260617183138-00310.warc.gz,78286337,39421,b82fce840cf3442d5cfd7eee479ec55041a6dae280d4234f04b20c8dc619ba7b,3,2026-08-01T08:24:37Z
atcbrokers.com,https://atcbrokers.com/cn/learn/learn-to-trade/what-is-cryptocurrency/,crawl-data/CC-MAIN-2026-25/segments/1780687864152.89/warc/CC-MAIN-20260617153138-20260617183138-00396.warc.gz,91573637,39364,6d35b587548c97f3c4e0df0d680cd0d26f2a157d4c4185db307856e098810451,3,2026-08-01T08:24:37Z
atcbrokers.com,https://atcbrokers.com/cn/learn/learn-to-trade/what-is-forex-trading/,crawl-data/CC-MAIN-2026-25/segments/1780687864152.89/warc/CC-MAIN-20260617153138-20260617183138-00168.warc.gz,64711171,40065,7d3ff1f6063d35d049cb14b1f04c92db3a1085d54dc07bbd650d35ecf8d0b436,3,2026-08-01T08:24:37Z
atcbrokers.com,https://atcbrokers.com/cn/learn/learn-to-trade/what-is-gold-trading/,crawl-data/CC-MAIN-2026-25/segments/1780687864152.89/warc/CC-MAIN-20260617153138-20260617183138-00058.warc.gz,81979274,39268,19339c7787a4731235d7d3a90351778f2c55e676eb1506bc4a9691c874e93a86,3,2026-08-01T08:24:37Z
atcbrokers.com,https://atcbrokers.com/cn/learn/learn-to-trade/what-is-leverage/,crawl-data/CC-MAIN-2026-25/segments/1780687864152.89/warc/CC-MAIN-20260617153138-20260617183138-00585.warc.gz,80580848,39396,154fdd8a38525e2962750028aaf4f988c2568d250cc39e05893c3ebd1167e93d,3,2026-08-01T08:24:37Z
atcbrokers.com,https://atcbrokers.com/cn/services/self-directed/,crawl-data/CC-MAIN-2026-25/segments/1780687864152.89/warc/CC-MAIN-20260617153138-20260617183138-00629.warc.gz,76800055,38864,4020836963d605af6ed2d78c7128e12745dac177f2e4ffc60538c503308cd4f6,3,2026-08-01T08:24:37Z
blackbull.com,https://blackbull.com/zh-hans/support/how-to-download-metatrader-5-mt5-on-mobile/,crawl-data/CC-MAIN-2026-25/segments/1780687572534.97/warc/CC-MAIN-20260610021816-20260610051816-00412.warc.gz,85442543,100591,2e58df0140e0a248a27df5f0c5f957b671ea8cf5ebb70b525e292cfa10708644,6,2026-08-01T08:24:37Z
blackbull.com,https://blackbull.com/zh-hans/support/how-to-fund-your-account/,crawl-data/CC-MAIN-2026-25/segments/1780687572534.97/warc/CC-MAIN-20260610021816-20260610051816-00789.warc.gz,95854668,101446,d768a43a68b734e930385bf5ba06ac67df8ac0bd70fa4fa8c94e1a44a1dc2a43,6,2026-08-01T08:24:37Z
darwinex.com,https://www.darwinex.com/zh/account/D.173844,crawl-data/CC-MAIN-2026-25/segments/1780687573283.57/warc/CC-MAIN-20260615040637-20260615070637-00277.warc.gz,571730564,5498,2b6fa311cadc8439fce99111da836380d9c7510aa3ab7bda08380fbabbccf27d,0,2026-08-01T08:24:37Z
darwinex.com,https://www.darwinex.com/zh/invest/JTL,crawl-data/CC-MAIN-2026-25/segments/1780687573283.57/warc/CC-MAIN-20260615040637-20260615070637-00726.warc.gz,556395999,31031,6c12f02fb6a3e212b1fe760745e28208aa7c6b325367c29e8fb2c7654ac2499d,8,2026-08-01T08:24:37Z
dbinvesting.com,https://dbinvesting.com/zh-hans/accounts-types/,crawl-data/CC-MAIN-2026-25/segments/1780687573478.10/warc/CC-MAIN-20260615194216-20260615224216-00870.warc.gz,162251949,86192,8d64cbe5523275e18913e78489d5ea85cdb74296ab9e5191ae0647608368877e,9,2026-08-01T08:24:37Z
dbinvesting.com,https://dbinvesting.com/zh-hans/blog/breaking-china-meningkatkan-ketegangan-perdagangan-dengan-as-tarif-dinaikkan-menjadi-125percent-t1ogrrw0ne2f2h2b3nbev6a8-id/,crawl-data/CC-MAIN-2026-25/segments/1780687573478.10/warc/CC-MAIN-20260615194216-20260615224216-00269.warc.gz,139054130,93700,d66bdeaf660f8289f5334a6eff42a6fb1494c48729dac47d86716b02463e67fc,9,2026-08-01T08:24:37Z
dbinvesting.com,https://dbinvesting.com/zh-hans/category/%D8%A3%D8%AE%D8%A8%D8%A7%D8%B1/%D8%A3%D8%AE%D8%A8%D8%A7%D8%B1-%D8%A7%D9%84%D8%AA%D8%B4%D9%81%D9%8A%D8%B1/,crawl-data/CC-MAIN-2026-25/segments/1780687572613.18/warc/CC-MAIN-20260611030515-20260611060515-00441.warc.gz,163111073,86245,d3312a2a004db877cd71880a3c5948a4ca6ecfa7fb4ff8cb8f160ef379530d93,9,2026-08-01T08:24:37Z
dbinvesting.com,https://dbinvesting.com/zh-hans/category/Acara%20keuangan%20dan%20perdagangan/,crawl-data/CC-MAIN-2026-25/segments/1780687866698.95/warc/CC-MAIN-20260618163205-20260618193205-00127.warc.gz,141311080,80677,fe532b4b51c2c42d979f93d80150d29587f4c095b2b94b095be635bcf343613e,9,2026-08-01T08:24:37Z
dbinvesting.com,https://dbinvesting.com/zh-hans/category/actualizacion/,crawl-data/CC-MAIN-2026-25/segments/1780687864556.88/warc/CC-MAIN-20260617214645-20260618004645-00442.warc.gz,138799000,85257,2ed2f182459dc1c686cd87f82eccf3409ad7cb956087cbf7b19c0098fab34f4f,9,2026-08-01T08:24:37Z
dbinvesting.com,https://dbinvesting.com/zh-hans/category/AI%20dalam%20Kewangan/,crawl-data/CC-MAIN-2026-25/segments/1780687573478.10/warc/CC-MAIN-20260615194216-20260615224216-00868.warc.gz,128659903,86171,4624daae2946c18c80252ded6e2a716e468a74f354b7a82ba82300d1ad5c4fb9,9,2026-08-01T08:24:37Z
dbinvesting.com,https://dbinvesting.com/zh-hans/category/Alat%20Sokongan%20Pelanggan/,crawl-data/CC-MAIN-2026-25/segments/1780687866698.95/warc/CC-MAIN-20260618163205-20260618193205-00240.warc.gz,126043568,80069,f399f60553fbe98ce18c6d8678990999b9e19952ef09ada9a141f9342b3d7686,9,2026-08-01T08:24:37Z
dbinvesting.com,https://dbinvesting.com/zh-hans/category/Alertas%20de%20fraude/,crawl-data/CC-MAIN-2026-25/segments/1780687866698.95/warc/CC-MAIN-20260618163205-20260618193205-00531.warc.gz,147645899,80064,b7d27bcae1e2a3df81adb4b9c13687be115b86555691344032b3248406375c88,9,2026-08-01T08:24:37Z
dbinvesting.com,https://dbinvesting.com/zh-hans/category/analise-de-mercado/,crawl-data/CC-MAIN-2026-25/segments/1780687864556.88/warc/CC-MAIN-20260617214645-20260618004645-00868.warc.gz,148624741,85278,4f4cc85ce5ae0c102c1c06e43c9565c4e982f131b303c1b4b6f3f663766c20d8,9,2026-08-01T08:24:37Z
dbinvesting.com,https://dbinvesting.com/zh-hans/category/Analisis%20Pasaran/,crawl-data/CC-MAIN-2026-25/segments/1780687572683.28/warc/CC-MAIN-20260612010232-20260612040232-00420.warc.gz,135422583,86081,a39c45ac617c556c2ea685402c9f41a0692647f5d100448128b6f561cab28f30,9,2026-08-01T08:24:37Z
dbinvesting.com,https://dbinvesting.com/zh-hans/category/analisis-keuangan/,crawl-data/CC-MAIN-2026-25/segments/1780687573478.10/warc/CC-MAIN-20260615194216-20260615224216-00732.warc.gz,170687823,86162,4afcaf441d6f74eb425545b977a7740eab22c05c16d752798864f72d9db1fb38,9,2026-08-01T08:24:37Z
dbinvesting.com,https://dbinvesting.com/zh-hans/category/Anuncios%20de%20trading/,crawl-data/CC-MAIN-2026-25/segments/1780687866698.95/warc/CC-MAIN-20260618163205-20260618193205-00087.warc.gz,147402820,80056,3281e9411979d9107b2aa58364284541c00f17072ba58176eeb676e12d58cdd8,9,2026-08-01T08:24:37Z
dbinvesting.com,https://dbinvesting.com/zh-hans/category/Aplikasi%20Perdagangan%20Seluler/,crawl-data/CC-MAIN-2026-25/segments/1780687864556.88/warc/CC-MAIN-20260617214645-20260618004645-00803.warc.gz,129093592,85858,a8554709b22c370db15088c258719247063cdcf8f4235bdd31e921fdcc0af9b8,9,2026-08-01T08:24:37Z
dbinvesting.com,https://dbinvesting.com/zh-hans/category/aplikasi-perdagangan-seluler/,crawl-data/CC-MAIN-2026-25/segments/1780687866113.84/warc/CC-MAIN-20260618101702-20260618131702-00791.warc.gz,116480941,85308,ebbbe83b24c9fddc37d752ad8223672279b13cbb2479a0985e4b9080adfa8b00,9,2026-08-01T08:24:37Z
dbinvesting.com,https://dbinvesting.com/zh-hans/category/article-fr/,crawl-data/CC-MAIN-2026-25/segments/1780687864556.88/warc/CC-MAIN-20260617214645-20260618004645-00586.warc.gz,163667544,85259,0dff32c2435021f91cfc43b64a227946376fb1c74bdb0167b49611b348bacb55,9,2026-08-01T08:24:37Z
dbinvesting.com,https://dbinvesting.com/zh-hans/category/bank-pusat-keputusan-fed-bank-of-japan/,crawl-data/CC-MAIN-2026-25/segments/1780687572521.56/warc/CC-MAIN-20260609231516-20260610021516-00766.warc.gz,129150718,86146,a6de9eb91cff18c2f989e234ce0a5e9701ef0fc9219006144bc09fa6c7cce26d,9,2026-08-01T08:24:37Z
dbinvesting.com,https://dbinvesting.com/zh-hans/category/bank-sentral-keputusan-fed-bank-of-japan/,crawl-data/CC-MAIN-2026-25/segments/1780687864556.88/warc/CC-MAIN-20260617214645-20260618004645-00794.warc.gz,131313340,85347,ede8369e6f096ebd2923acc943a055684842301b51da3dc968d74aab9c2f8608,9,2026-08-01T08:24:37Z
dbinvesting.com,https://dbinvesting.com/zh-hans/category/banques-centrales-et-taux-dinteret/,crawl-data/CC-MAIN-2026-25/segments/1780687572521.56/warc/CC-MAIN-20260609231516-20260610021516-00905.warc.gz,155653791,86110,b61b2742af571d5f02279adeee5158be508cec71b717b54f419d12e2e8c0fd29,9,2026-08-01T08:24:37Z
dbinvesting.com,https://dbinvesting.com/zh-hans/category/Berita%20Pasar/,crawl-data/CC-MAIN-2026-25/segments/1780687866698.95/warc/CC-MAIN-20260618163205-20260618193205-00406.warc.gz,139584261,80423,2fab3c3b446d4c1114dcf291c0bcd4124cb67d80373521fb9581943ae7261693,9,2026-08-01T08:24:37Z
dbinvesting.com,https://dbinvesting.com/zh-hans/category/Berita%20Pasaran%20Global/,crawl-data/CC-MAIN-2026-25/segments/1780687572675.25/warc/CC-MAIN-20260611215417-20260612005417-00111.warc.gz,165641432,86083,b261671e0a499a07ba789836a48011bde6cae34ec3da308e109abdc583f8c0b1,9,2026-08-01T08:24:37Z
dbinvesting.com,https://dbinvesting.com/zh-hans/category/berita-kripto/,crawl-data/CC-MAIN-2026-25/segments/1780687572613.18/warc/CC-MAIN-20260611030515-20260611060515-00546.warc.gz,151107040,86054,ead956e69f257cb3308660895ba0d93171f2121a71902dd336a54a652cee33b0,9,2026-08-01T08:24:37Z
dbinvesting.com,https://dbinvesting.com/zh-hans/category/Central%20Bank%20Policies/,crawl-data/CC-MAIN-2026-25/segments/1780687864556.88/warc/CC-MAIN-20260617214645-20260618004645-00552.warc.gz,152875424,85308,fb2d46b07c2b135c3d643b471e50cf2dc58f00db66a70f062e491db7f3e0dec2,9,2026-08-01T08:24:37Z
dbinvesting.com,https://dbinvesting.com/zh-hans/category/Central%20Bank%20Policy%20&%20Inflation%20Expectations%20/,crawl-data/CC-MAIN-2026-25/segments/1780687572675.25/warc/CC-MAIN-20260611215417-20260612005417-00483.warc.gz,143255311,86199,aa610eebf9e1f54d4972bd67d18a644354d441485b1363cd8a6512fab6b0806f,9,2026-08-01T08:24:37Z
dbinvesting.com,https://dbinvesting.com/zh-hans/category/Central%20Banks:%20Fed%20&%20Bank%20of%20Japan%20Decisions/,crawl-data/CC-MAIN-2026-25/segments/1780687572675.25/warc/CC-MAIN-20260611215417-20260612005417-00349.warc.gz,142511803,86204,8c5a6de786b1f2563134ba7df4ce06f3014fd81b6c068a6bf2e2a738153e0b3e,9,2026-08-01T08:24:37Z
dbinvesting.com,https://dbinvesting.com/zh-hans/category/cerapan-pasaran/,crawl-data/CC-MAIN-2026-25/segments/1780687572521.56/warc/CC-MAIN-20260609231516-20260610021516-00554.warc.gz,127321773,86065,52ddf8a9e57e09e48558f82fe480470f6f1ece7ab23cc46187a3e68fab87d3d1,9,2026-08-01T08:24:37Z
dbinvesting.com,https://dbinvesting.com/zh-hans/category/Client%20Benefits/,crawl-data/CC-MAIN-2026-25/segments/1780687572521.56/warc/CC-MAIN-20260609231516-20260610021516-00565.warc.gz,156271610,86069,e094569787390604db9af4e7e337e1be22964f8997851dd9f74daf3540a42946,9,2026-08-01T08:24:37Z
dbinvesting.com,https://dbinvesting.com/zh-hans/category/comercio-e-inversion-mundiales/,crawl-data/CC-MAIN-2026-25/segments/1780687866698.95/warc/CC-MAIN-20260618163205-20260618193205-00861.warc.gz,152984716,80069,551aef00b713d3514feefe34ed4a42955c564c5f3d80373ce49efc7c9922cab9,9,2026-08-01T08:24:37Z
dbinvesting.com,https://dbinvesting.com/zh-hans/category/comercio-global-e-tarifas/,crawl-data/CC-MAIN-2026-25/segments/1780687866698.95/warc/CC-MAIN-20260618163205-20260618193205-00333.warc.gz,166808419,80069,19183ea9b051d108afe5615f3a845a242377848bbf9baff8f3077e3b29eee8bb,9,2026-08-01T08:24:37Z
dbinvesting.com,https://dbinvesting.com/zh-hans/category/Commodities%20&%20Forex%20Movements/,crawl-data/CC-MAIN-2026-25/segments/1780687866698.95/warc/CC-MAIN-20260618163205-20260618193205-00977.warc.gz,147148753,80105,486dcb07efda7cff491345e0f5e0e3b24d1f9d965e75234c25d7476d4a4fd33c,9,2026-08-01T08:24:37Z
dbinvesting.com,https://dbinvesting.com/zh-hans/category/educacion-comercial/,crawl-data/CC-MAIN-2026-25/segments/1780687864556.88/warc/CC-MAIN-20260617214645-20260618004645-00350.warc.gz,147629544,85278,aef3c355b9190a000984700f44027c3794bd7cf9134fceb17b03b521bef2a166,9,2026-08-01T08:24:37Z
dbinvesting.com,https://dbinvesting.com/zh-hans/category/finance-and-trading-event/,crawl-data/CC-MAIN-2026-25/segments/1780687572521.56/warc/CC-MAIN-20260609231516-20260610021516-00020.warc.gz,151486914,86073,73edde541b8acf07ada25ff5213750bab2578c127eb76ba9886e006369ac23ca,9,2026-08-01T08:24:37Z
dbinvesting.com,https://dbinvesting.com/zh-hans/category/Market%20News/,crawl-data/CC-MAIN-2026-25/segments/1780687572675.25/warc/CC-MAIN-20260611215417-20260612005417-00751.warc.gz,150661687,86053,7de9c6a9ecf5668fdf6092fec70e1dea986092b01ac692f47c5a8b14bb5a6738,9,2026-08-01T08:24:37Z
dbinvesting.com,https://dbinvesting.com/zh-hans/category/monnaie-etrangere/,crawl-data/CC-MAIN-2026-25/segments/1780687866113.84/warc/CC-MAIN-20260618101702-20260618131702-00754.warc.gz,145949295,85271,2d129d2322251b49dc974558aab7d4b9082d4646303ccc4e5505a1c1f4e0e490,9,2026-08-01T08:24:37Z
dbinvesting.com,https://dbinvesting.com/zh-hans/category/noticias/noticias-sobre-criptomoedas/,crawl-data/CC-MAIN-2026-25/segments/1780687572613.18/warc/CC-MAIN-20260611030515-20260611060515-00415.warc.gz,157425300,86116,8b8e4b4ddad02db08623d4798fc5eee52e1f9c9b6a4782010a0ebe5b2f6ec5f0,9,2026-08-01T08:24:37Z
dbinvesting.com,https://dbinvesting.com/zh-hans/category/Pemasaran%20Gabungan%20&%20Peluang%20CPA/,crawl-data/CC-MAIN-2026-25/segments/1780687572675.25/warc/CC-MAIN-20260611215417-20260612005417-00394.warc.gz,155375839,86165,c58e0b360818252da54522d9474e41a349abd60938900b86b37ad475b714ce10,9,2026-08-01T08:24:37Z
dbinvesting.com,https://dbinvesting.com/zh-hans/category/platform-updates/,crawl-data/CC-MAIN-2026-25/segments/1780687866113.84/warc/CC-MAIN-20260618101702-20260618131702-00845.warc.gz,156643641,85259,32685cfa68b2063fd7fb2f0d41cc280219d0e9b8e22b24592098a39f49bb8b39,9,2026-08-01T08:24:37Z
dbinvesting.com,https://dbinvesting.com/zh-hans/category/Syarikat/,crawl-data/CC-MAIN-2026-25/segments/1780687572675.25/warc/CC-MAIN-20260611215417-20260612005417-00977.warc.gz,166658421,86031,b1f97094642d52f529840fd6cf53ad4439dbc3f3e179d0fc73ea28c71e8c7763,9,2026-08-01T08:24:37Z
dbinvesting.com,https://dbinvesting.com/zh-hans/category/tin-tuc-cong-ty/,crawl-data/CC-MAIN-2026-25/segments/1780687572613.18/warc/CC-MAIN-20260611030515-20260611060515-00539.warc.gz,134200706,86060,c0fefad14ebd5b59fb09a256b788ad61b1105bd9a3a2e3dcce95a8ad9d5a9476,9,2026-08-01T08:24:37Z
dbinvesting.com,https://dbinvesting.com/zh-hans/category/wikifx-ar/,crawl-data/CC-MAIN-2026-25/segments/1780687572613.18/warc/CC-MAIN-20260611030515-20260611060515-00533.warc.gz,134995275,86043,acef79d1e321870999052595030378f150efe6cab6b1035318d9b06bfdca8009,9,2026-08-01T08:24:37Z
dbinvesting.com,https://dbinvesting.com/zh-hans/category/wikifx-zh-hans/,crawl-data/CC-MAIN-2026-25/segments/1780687572613.18/warc/CC-MAIN-20260611030515-20260611060515-00035.warc.gz,127407470,86052,6d498c979a7d1bf8d727922248b041a1c9ea3dc9e8f61d77a7a2a93fe8135fd6,9,2026-08-01T08:24:37Z
etoro.com,https://www.etoro.com/ar/people/betterleaf,crawl-data/CC-MAIN-2026-25/segments/1780687572343.29/warc/CC-MAIN-20260607221841-20260608011841-00790.warc.gz,631608720,87585,8804e4a8b96d1054d72bd979efb4529b62c925b72c63849e9a3ffc15fc7d8ced,1,2026-08-01T08:24:37Z
etoro.com,https://www.etoro.com/da-dk/people/betterleaf,crawl-data/CC-MAIN-2026-25/segments/1780687572343.29/warc/CC-MAIN-20260607221841-20260608011841-00104.warc.gz,602221665,86934,e3c12f447e9af3d687a075af5bed8ebe856e2ffce9ab42df73e049e829a07f37,1,2026-08-01T08:24:37Z
etoro.com,https://www.etoro.com/de/people/betterleaf,crawl-data/CC-MAIN-2026-25/segments/1780687572911.6/warc/CC-MAIN-20260613143506-20260613173506-00198.warc.gz,646713835,86903,0239a0e59a931b79a0743d50586aaf9aed819c4c9baaaef2e282c6ae503fb975,1,2026-08-01T08:24:37Z
etoro.com,https://www.etoro.com/el/people/betterleaf,crawl-data/CC-MAIN-2026-25/segments/1780687572343.29/warc/CC-MAIN-20260607221841-20260608011841-00820.warc.gz,638326827,87849,32f40f3384fa334e30d45c7e45b3968235bb59e5f2d176d8ea1b867330ae3296,1,2026-08-01T08:24:37Z
etoro.com,https://www.etoro.com/es/people/betterleaf,crawl-data/CC-MAIN-2026-25/segments/1780687572343.29/warc/CC-MAIN-20260607221841-20260608011841-00667.warc.gz,645516594,87178,bcbc492c172d8a08541c1e407edd15fd671d3e4d08ea112ca25105163a8b96e3,1,2026-08-01T08:24:37Z
etoro.com,https://www.etoro.com/nb-no/people/betterleaf,crawl-data/CC-MAIN-2026-25/segments/1780687572343.29/warc/CC-MAIN-20260607221841-20260608011841-00243.warc.gz,628784628,87168,a7e1c389374f3b4b9dcacc14c790d7a1389bbb1b821a93c31a91a947acd1b381,1,2026-08-01T08:24:37Z
etoro.com,https://www.etoro.com/people/seanandkaela,crawl-data/CC-MAIN-2026-25/segments/1780687572662.81/warc/CC-MAIN-20260611184605-20260611214605-00894.warc.gz,642519375,83778,a59bbb39bdcc92074f3b62aa17d6ca17829cdf791576ec3ec32c01038635848b,1,2026-08-01T08:24:37Z
etoro.com,https://www.etoro.com/posts/1151a230-1522-11f1-8080-8000046d8ac9,crawl-data/CC-MAIN-2026-25/segments/1780687572343.29/warc/CC-MAIN-20260607221841-20260608011841-00292.warc.gz,632478856,72541,033c4e0194509fd778175a31e19a29af9136d5d90f1e58e5089ef9d33ff3fb05,0,2026-08-01T08:24:37Z
etoro.com,https://www.etoro.com/posts/12993d70-4532-11f1-8080-800048a5e44d,crawl-data/CC-MAIN-2026-25/segments/1780687572343.29/warc/CC-MAIN-20260607221841-20260608011841-00831.warc.gz,612437054,77192,9c556db1a6e6e2198391699f6c8939ce890f1cbcf8130710f5bce77c5ed880f1,0,2026-08-01T08:24:37Z
fpmarkets.com,https://portal-cn.fpmarkets.com/,crawl-data/CC-MAIN-2026-25/segments/1780687572080.85/warc/CC-MAIN-20260605214811-20260606004811-00457.warc.gz,375864648,3239,8f79098de83242e3f6bcb241b9571c67eeef6ec3b531853de7fd981b0bcb9eca,0,2026-08-01T08:24:37Z
fpmarkets.com,https://portal-cn.fpmarkets.com/auth/register/,crawl-data/CC-MAIN-2026-25/segments/1780687572080.85/warc/CC-MAIN-20260605214811-20260606004811-00854.warc.gz,353126438,3642,2d142989b54debc645d0009d058c1608208f2b3a29e483d0a58182d4e34c0bec,0,2026-08-01T08:24:37Z
fpmarkets.com,https://portal-cn.fpmarkets.com/sessions/signup/?fpm-affiliate-utm-source=IB&fpm-affiliate-pcode=34049&fpm-affiliate-agt=34049,crawl-data/CC-MAIN-2026-25/segments/1780687572080.85/warc/CC-MAIN-20260605214811-20260606004811-00538.warc.gz,376473219,3360,286f3602bd58e75099e4022af7f40238363e5b48586b9cdbd392cd5f9d56e756,0,2026-08-01T08:24:37Z
fpmarkets.com,https://zhcn.fpmarkets.com/int/,crawl-data/CC-MAIN-2026-25/segments/1780687572410.96/warc/CC-MAIN-20260608133404-20260608163404-00548.warc.gz,882290396,32228,c0fe5dd9854f8081be65a2b6d5c269cb661178b12e9011cde6bdf8538992d1bb,5,2026-08-01T08:24:37Z
fpmarkets.com,https://zhcn.fpmarkets.com/int/education/faq/,crawl-data/CC-MAIN-2026-25/segments/1780687572911.6/warc/CC-MAIN-20260613143506-20260613173506-00060.warc.gz,926350019,58994,f8f3ccf84a6895dbad85747003ce517fce5751290e0ae83d7f5e4b49a9454856,5,2026-08-01T08:24:37Z
fpmarkets.com,https://zhcn.fpmarkets.com/int/fp-markets-welcomegift-september2025/,crawl-data/CC-MAIN-2026-25/segments/1780687572911.6/warc/CC-MAIN-20260613143506-20260613173506-00205.warc.gz,927353338,30332,ec137660cc8cb8d6ecf07ad1ebc41515872f30395e925b81844c0c3bfe0d7901,4,2026-08-01T08:24:37Z
fpmarkets.com,https://zhcn.fpmarkets.com/int/funding/withdraw-funds/,crawl-data/CC-MAIN-2026-25/segments/1780687572911.6/warc/CC-MAIN-20260613143506-20260613173506-00926.warc.gz,903547629,26224,a054bbba0e41b3f41c80798cf966e92b2b43316ba0f7770b26d1c24f66da3602,4,2026-08-01T08:24:37Z
fpmarkets.com,https://zhcn.fpmarkets.com/int/rules-for-fp-markets-welcomegift-promotion-september2025/,crawl-data/CC-MAIN-2026-25/segments/1780687572911.6/warc/CC-MAIN-20260613143506-20260613173506-00853.warc.gz,911967013,30153,d0a3854a43e210c652bd11492cd02909e636f957d7ac8a12aab4244e0cac5575,4,2026-08-01T08:24:37Z
fpmarkets.com,https://zhcn.fpmarkets.com/int/terms-conditions,crawl-data/CC-MAIN-2026-25/segments/1780687572911.6/warc/CC-MAIN-20260613143506-20260613173506-00922.warc.gz,924450762,31477,17a95f5ab316e08fbfdcb2d4b13233ef5702bbe2e1e7df2a5c9929407fef7d85,4,2026-08-01T08:24:37Z
fusionmarkets.com,https://fusionmarkets.com/zh/About-us/ID-documentation,crawl-data/CC-MAIN-2026-25/segments/1780687573310.71/warc/CC-MAIN-20260615071330-20260615101330-00441.warc.gz,218693501,129509,47201e24301fb408a7a47e8bc553446ddd04fc056b76ad19db505ec78d42fa3e,8,2026-08-01T08:24:37Z
fusionmarkets.com,https://fusionmarkets.com/zh/Platforms/cTrader,crawl-data/CC-MAIN-2026-25/segments/1780687573310.71/warc/CC-MAIN-20260615071330-20260615101330-00442.warc.gz,231509081,125728,d5176c21e1f6eca391b571f26222f9b582ba0723a16d4177c61da1b7d1b1e536,8,2026-08-01T08:24:37Z
fusionmarkets.com,https://fusionmarkets.com/zh/Platforms/cTrader-Webtrader,crawl-data/CC-MAIN-2026-25/segments/1780687573310.71/warc/CC-MAIN-20260615071330-20260615101330-00647.warc.gz,187540072,123971,a3c222fb1a04897d5a089fdf348a7a2a744618612301c26646129217f088ed6c,8,2026-08-01T08:24:37Z
fusionmarkets.com,https://fusionmarkets.com/zh/Platforms/Virtual-private-server,crawl-data/CC-MAIN-2026-25/segments/1780687573310.71/warc/CC-MAIN-20260615071330-20260615101330-00614.warc.gz,197159557,120315,4b2a29bf002aecf3d12a8106b8cfcd4b2de38175a66d4fbc78c9eb13b26ded04,8,2026-08-01T08:24:37Z
fusionmarkets.com,https://fusionmarkets.com/zh/Trading/Crypto-CFD,crawl-data/CC-MAIN-2026-25/segments/1780687573310.71/warc/CC-MAIN-20260615071330-20260615101330-00107.warc.gz,179063505,124374,b48183e81b0cb007aaa0ac09fff6b0c50f956c5603b1c82f3e9cb92c474ecc0d,8,2026-08-01T08:24:37Z
fusionmarkets.com,https://fusionmarkets.com/zh/Trading/Demo-Trading-Account,crawl-data/CC-MAIN-2026-25/segments/1780687573310.71/warc/CC-MAIN-20260615071330-20260615101330-00789.warc.gz,202486242,122461,0a91ca776dc3859bb499853027a25033fba34b22508b606895a1569be7648039,8,2026-08-01T08:24:37Z
fusionmarkets.com,https://fusionmarkets.com/zh/Trading/Equity-Indices-CFD,crawl-data/CC-MAIN-2026-25/segments/1780687573310.71/warc/CC-MAIN-20260615071330-20260615101330-00497.warc.gz,204833204,120209,0013bbe7554b7e6373c395e7f98a670f010bd50ded90392555b04fbdf568f082,8,2026-08-01T08:24:37Z
fusionmarkets.com,https://fusionmarkets.com/zh/Trading/Trading-Tools,crawl-data/CC-MAIN-2026-25/segments/1780687573310.71/warc/CC-MAIN-20260615071330-20260615101330-00193.warc.gz,210167800,120370,c58af493895fdea6076b3be284eaf3d3becdc17ff6f1def4de9ab0ac6a4d49e8,8,2026-08-01T08:24:37Z
fxcentrum.com,https://zh-cn.fxcentrum.com/,crawl-data/CC-MAIN-2026-25/segments/1780687572428.74/warc/CC-MAIN-20260608224308-20260609014308-00760.warc.gz,910852189,60845,135500e0985899e4f7b20492c8509c2194c1c11489f806f6e1ce6734249cd8bc,3,2026-08-01T08:24:37Z
fxcentrum.com,https://zh-cn.fxcentrum.com/%E4%B8%8E%E7%BA%B3%E6%96%AF%E8%BE%BE%E5%85%8B-100-%E8%BF%9B%E8%A1%8C%E4%BA%A4%E6%98%93/,crawl-data/CC-MAIN-2026-25/segments/1780687572428.74/warc/CC-MAIN-20260608224308-20260609014308-00201.warc.gz,889159882,38522,a8b7080a9598900fe01d1d8b46572bc125b33bf98d918998dc27e549fb79abce,3,2026-08-01T08:24:37Z
fxcentrum.com,https://zh-cn.fxcentrum.com/%E4%B8%93%E4%B8%9A%E4%BA%A4%E6%98%93%E8%A7%86%E9%A2%91/,crawl-data/CC-MAIN-2026-25/segments/1780687572428.74/warc/CC-MAIN-20260608224308-20260609014308-00392.warc.gz,968174591,38662,ecab4e63702ddf9e4339ee8f16e3e939337dd640154d75d20acf35c48598f3f8,3,2026-08-01T08:24:37Z
fxcentrum.com,https://zh-cn.fxcentrum.com/%E4%B8%93%E4%B8%9A%E4%BA%BA%E5%A3%AB-a/,crawl-data/CC-MAIN-2026-25/segments/1780687572428.74/warc/CC-MAIN-20260608224308-20260609014308-00597.warc.gz,935602683,36860,8bab45574139158f7c3d32f6bf2f2cfc9a82b09dc38b9e59f83c814e6f54e7a1,3,2026-08-01T08:24:37Z
fxcentrum.com,https://zh-cn.fxcentrum.com/%E4%B8%BA%E4%BB%80%E4%B9%88%E8%A6%81%E4%B8%8E-fxcentrum-%E8%BF%9B%E8%A1%8C%E4%BA%A4%E6%98%93/,crawl-data/CC-MAIN-2026-25/segments/1780687572428.74/warc/CC-MAIN-20260608224308-20260609014308-00139.warc.gz,910129837,61745,5b6a77aae188cbc947ce499f61e49bc32e18317cae295a3d82563ea53594799d,3,2026-08-01T08:24:37Z
fxcentrum.com,https://zh-cn.fxcentrum.com/%E4%BA%A4%E6%98%93%E4%BF%A1%E5%8F%B7/,crawl-data/CC-MAIN-2026-25/segments/1780687572428.74/warc/CC-MAIN-20260608224308-20260609014308-00298.warc.gz,928462029,35554,a23a78b789fe3c73685b6f21260c0d667ef1e548e1dafb8f62d90cad73c91929,3,2026-08-01T08:24:37Z
fxcentrum.com,https://zh-cn.fxcentrum.com/%E4%BA%A4%E6%98%93%E6%95%99%E8%82%B2/,crawl-data/CC-MAIN-2026-25/segments/1780687572428.74/warc/CC-MAIN-20260608224308-20260609014308-00082.warc.gz,950356789,40677,a76dce3d73dc95eeacbd8425b2d69f3deb8d903ff5b345300e2acda803cfa058,4,2026-08-01T08:24:37Z
fxcentrum.com,https://zh-cn.fxcentrum.com/%E4%BF%83%E9%94%80-100-%E5%AD%98%E6%AC%BE%E7%BA%A2%E5%88%A9/,crawl-data/CC-MAIN-2026-25/segments/1780687572428.74/warc/CC-MAIN-20260608224308-20260609014308-00679.warc.gz,934280036,49405,c93693040d87c5273c7eedc94cc1216bd51ae37da7a6862136292ee6c453aada,3,2026-08-01T08:24:37Z
fxcentrum.com,https://zh-cn.fxcentrum.com/%E4%BF%9D%E8%AF%81%E9%87%91%E7%BA%A2%E5%88%A9/,crawl-data/CC-MAIN-2026-25/segments/1780687572428.74/warc/CC-MAIN-20260608224308-20260609014308-00114.warc.gz,922137590,40077,2ac4dab116a4b74927fbb3d7d02ea3e7aa5f923e84b0f6740eea1b8a3b62d6f9,3,2026-08-01T08:24:37Z
fxcentrum.com,https://zh-cn.fxcentrum.com/%E5%80%92%E5%8D%96%E4%BF%9D%E8%AF%81%E9%87%91%E5%A5%96%E9%87%91/,crawl-data/CC-MAIN-2026-25/segments/1780687572428.74/warc/CC-MAIN-20260608224308-20260609014308-00298.warc.gz,928498557,39232,cc928e3c0d91abaceba0a760d55133d46a4637ca03a7eeec4e383a69525bb7df,3,2026-08-01T08:24:37Z
fxcentrum.com,https://zh-cn.fxcentrum.com/%E5%85%AC%E5%8F%B8%E5%92%8C%E7%89%8C%E7%85%A7/,crawl-data/CC-MAIN-2026-25/segments/1780687572428.74/warc/CC-MAIN-20260608224308-20260609014308-00660.warc.gz,897462895,52168,92d769cf4f6c9e70cafff384c6dbfb3be021cba4ac49f3df3b8e5db7a2c65782,3,2026-08-01T08:24:37Z
fxcentrum.com,https://zh-cn.fxcentrum.com/%E5%88%9D%E5%AD%A6%E8%80%85/,crawl-data/CC-MAIN-2026-25/segments/1780687572428.74/warc/CC-MAIN-20260608224308-20260609014308-00545.warc.gz,947817059,37886,a0e22c8bec4da4d8121f763a11b48f0cf3b887f4261c502e7dc0e91e6ec7e284,3,2026-08-01T08:24:37Z
fxcentrum.com,https://zh-cn.fxcentrum.com/%E5%90%88%E6%B3%95%E6%96%87%E4%BB%B6/,crawl-data/CC-MAIN-2026-25/segments/1780687572428.74/warc/CC-MAIN-20260608224308-20260609014308-00028.warc.gz,915039927,35412,073356579ebe6342fd128938f6b9b4081af15d7e35c71b28fd57975e5ae95636,3,2026-08-01T08:24:37Z
fxcentrum.com,https://zh-cn.fxcentrum.com/%E5%95%86%E5%93%81%E6%95%99%E8%82%B2/,crawl-data/CC-MAIN-2026-25/segments/1780687572428.74/warc/CC-MAIN-20260608224308-20260609014308-00678.warc.gz,928727208,37999,a443715877eab00376658fb59e187cdcf63532067446d1f39335c3689d75831f,3,2026-08-01T08:24:37Z
fxcentrum.com,https://zh-cn.fxcentrum.com/%E5%9F%BA%E6%9C%AC%E6%9C%AF%E8%AF%AD/,crawl-data/CC-MAIN-2026-25/segments/1780687572428.74/warc/CC-MAIN-20260608224308-20260609014308-00011.warc.gz,883551007,43120,088ef5d113aa86bf86abfdd0daa0de168d0b17fa3767ef0966bdc73f48a21ff2,3,2026-08-01T08:24:37Z
fxcentrum.com,https://zh-cn.fxcentrum.com/%E5%9F%BA%E7%A1%80%E8%A7%86%E9%A2%91%E6%95%99%E8%82%B2/,crawl-data/CC-MAIN-2026-25/segments/1780687572428.74/warc/CC-MAIN-20260608224308-20260609014308-00347.warc.gz,890441284,38655,273cd3576009a3e11fbf4201fcb32d5226b4aa1008b190ab1554583804528423,3,2026-08-01T08:24:37Z
fxcentrum.com,https://zh-cn.fxcentrum.com/%E5%A4%96%E6%B1%87%E4%BA%A4%E6%98%93%E5%91%98%E6%89%8B%E6%9C%BA/,crawl-data/CC-MAIN-2026-25/segments/1780687572428.74/warc/CC-MAIN-20260608224308-20260609014308-00791.warc.gz,913035158,34613,0b511402e92cf01785ce59f1a5c59b89acce337b08b714b6457f98a33bbdd04e,3,2026-08-01T08:24:37Z
fxcentrum.com,https://zh-cn.fxcentrum.com/%E5%A4%96%E6%B1%87%E4%BA%A4%E6%98%93%E5%B9%B3%E5%8F%B0/,crawl-data/CC-MAIN-2026-25/segments/1780687572428.74/warc/CC-MAIN-20260608224308-20260609014308-00505.warc.gz,972506242,43898,76da2d716ab84006caaf3dd155ec6ab0a90a3ad7f5e47b486d944b306cc015f6,3,2026-08-01T08:24:37Z
fxcentrum.com,https://zh-cn.fxcentrum.com/%E5%A6%82%E4%BD%95%E5%BC%80%E5%A7%8B/,crawl-data/CC-MAIN-2026-25/segments/1780687572428.74/warc/CC-MAIN-20260608224308-20260609014308-00542.warc.gz,902308834,45878,daa64fd71bdf0eb2180a27f8b535a150312c97f2359f32b417f62147753acaad,3,2026-08-01T08:24:37Z
fxcentrum.com,https://zh-cn.fxcentrum.com/%E5%B8%B8%E9%97%AE%E9%97%AE%E9%A2%98/,crawl-data/CC-MAIN-2026-25/segments/1780687572428.74/warc/CC-MAIN-20260608224308-20260609014308-00173.warc.gz,928040805,48369,c275993da9774d02329e1f0e70ba3a43978008402febcc0da5f80f77b9d3bc08,5,2026-08-01T08:24:37Z
fxcentrum.com,https://zh-cn.fxcentrum.com/%E6%95%99%E8%82%B2%E5%85%B3%E4%BA%8E-forex/,crawl-data/CC-MAIN-2026-25/segments/1780687572428.74/warc/CC-MAIN-20260608224308-20260609014308-00275.warc.gz,948533468,37651,d8a6ad262ea87a151384eb320ded1e38ffec13da17997b8e00e13118273a199a,3,2026-08-01T08:24:37Z
fxcentrum.com,https://zh-cn.fxcentrum.com/%E6%9C%AC%E5%91%A8%E6%9C%80%E4%BD%B3%E4%BA%A4%E6%98%93%E5%91%98/,crawl-data/CC-MAIN-2026-25/segments/1780687572428.74/warc/CC-MAIN-20260608224308-20260609014308-00529.warc.gz,939453384,48250,01c2eb80f1cf76d55f1e917aedb895147d13765e87b20b10a7c6babbec2e2983,3,2026-08-01T08:24:37Z
fxcentrum.com,https://zh-cn.fxcentrum.com/%E6%B2%A1%E6%9C%89%E5%AD%98%E6%AC%BE%E5%A5%96%E9%87%91/,crawl-data/CC-MAIN-2026-25/segments/1780687572428.74/warc/CC-MAIN-20260608224308-20260609014308-00886.warc.gz,963092737,49038,1c17531085620192e93fdcf022ee6ab2d6c503795052949557cbc28baf44b547,3,2026-08-01T08:24:37Z
fxcentrum.com,https://zh-cn.fxcentrum.com/%E6%BC%94%E7%A4%BA%E5%B8%90%E6%88%B7/,crawl-data/CC-MAIN-2026-25/segments/1780687572428.74/warc/CC-MAIN-20260608224308-20260609014308-00767.warc.gz,938557483,41425,02225d49d7f969d500c73de687be5ce3c57bf856dac728b96e1c16dd7ababc01,3,2026-08-01T08:24:37Z
fxcentrum.com,https://zh-cn.fxcentrum.com/%E7%94%B5%E5%AD%90%E4%B9%A6%E4%B8%8B%E8%BD%BD/,crawl-data/CC-MAIN-2026-25/segments/1780687572428.74/warc/CC-MAIN-20260608224308-20260609014308-00871.warc.gz,921800564,39667,f0d35c28c5c4fafa88d429a9c867b1de6fa6247898feb82d854e217542a4bb5c,3,2026-08-01T08:24:37Z
fxcentrum.com,https://zh-cn.fxcentrum.com/%E7%BD%91%E7%BB%9C%E7%A0%94%E8%AE%A8%E4%BC%9A%E6%95%99%E8%82%B2/,crawl-data/CC-MAIN-2026-25/segments/1780687572428.74/warc/CC-MAIN-20260608224308-20260609014308-00260.warc.gz,930966053,37581,b83d4961ce061d61bd1e42e9bd6184c8e6bcba5da4fd8995e87cf0d9a573d25c,3,2026-08-01T08:24:37Z
fxcentrum.com,https://zh-cn.fxcentrum.com/%E8%81%94%E7%B3%BB%E6%88%91%E4%BB%AC/,crawl-data/CC-MAIN-2026-25/segments/1780687572428.74/warc/CC-MAIN-20260608224308-20260609014308-00907.warc.gz,909100962,46571,fc1bed5eb07ff322c93da296eaf1300b01d45b05c55ca447a3ca5a30c9dd4807,4,2026-08-01T08:24:37Z
fxcentrum.com,https://zh-cn.fxcentrum.com/%E8%82%A1%E7%A5%A8%E6%95%99%E8%82%B2/,crawl-data/CC-MAIN-2026-25/segments/1780687572428.74/warc/CC-MAIN-20260608224308-20260609014308-00431.warc.gz,941549461,37889,489282323c905fff5762d2a54546f9ba8c72fb504afa2b32bc28b99f8a37db2e,3,2026-08-01T08:24:37Z
fxcentrum.com,https://zh-cn.fxcentrum.com/%E8%B4%A6%E6%88%B7%E6%B3%A8%E5%86%8C/,crawl-data/CC-MAIN-2026-25/segments/1780687572428.74/warc/CC-MAIN-20260608224308-20260609014308-00097.warc.gz,955210320,33655,dec92ffac55918ee56826738ff5fe8750089abd672d4a091933a78b685e6a370,1,2026-08-01T08:24:37Z
fxcentrum.com,https://zh-cn.fxcentrum.com/%E8%B4%A6%E6%88%B7%E7%B1%BB%E5%9E%8B-%E5%A5%96%E9%87%91/,crawl-data/CC-MAIN-2026-25/segments/1780687572428.74/warc/CC-MAIN-20260608224308-20260609014308-00697.warc.gz,913636641,39225,321183e5cecd3e629c3c9f1dcc153f7d254500e66c71696f7fc67edd3589e0ff,3,2026-08-01T08:24:37Z
fxcentrum.com,https://zh-cn.fxcentrum.com/%E8%B4%B8%E6%98%93%E5%8D%8E%E7%BA%B3%E5%85%84%E5%BC%9F/,crawl-data/CC-MAIN-2026-25/segments/1780687572428.74/warc/CC-MAIN-20260608224308-20260609014308-00002.warc.gz,958407503,38124,02c3a9db7c24da3bd332f19bd8f173a4e6bd28731a175e02f88a1f503fae1659,3,2026-08-01T08:24:37Z
fxcentrum.com,https://zh-cn.fxcentrum.com/%E9%87%91%E5%B1%9E%E6%95%99%E8%82%B2/,crawl-data/CC-MAIN-2026-25/segments/1780687572428.74/warc/CC-MAIN-20260608224308-20260609014308-00067.warc.gz,908602004,37754,9afa7000d10aa82dcfc134f35ef49861b4dcd9bcd6b6ad07b2aa8fd1e9761da6,3,2026-08-01T08:24:37Z
fxcentrum.com,https://zh-cn.fxcentrum.com/account-types-bonus/,crawl-data/CC-MAIN-2026-25/segments/1780687572428.74/warc/CC-MAIN-20260608224308-20260609014308-00020.warc.gz,901541823,39230,2269832e15e1a8359b740b04d754ebdfc8bce50b42a3ff8efa2e6f6d8b2032f7,3,2026-08-01T08:24:37Z
fxcentrum.com,https://zh-cn.fxcentrum.com/contact/,crawl-data/CC-MAIN-2026-25/segments/1780687572428.74/warc/CC-MAIN-20260608224308-20260609014308-00855.warc.gz,887405768,46572,7a0d1dcdc1f0f3c9e0bd1c493db9fe36ad27ddbbe353c7822f569e0c908f4103,4,2026-08-01T08:24:37Z
fxcentrum.com,https://zh-cn.fxcentrum.com/forex/,crawl-data/CC-MAIN-2026-25/segments/1780687572428.74/warc/CC-MAIN-20260608224308-20260609014308-00643.warc.gz,914575855,38691,ba2a824f205a47cfdba05fd5e9c7ede150bf2027c1b5ee0f28bdcc538690e1d5,3,2026-08-01T08:24:37Z
fxcentrum.com,https://zh-cn.fxcentrum.com/forex/%E6%8E%8C%E6%8F%A1%E8%B4%A7%E5%B8%81%E4%BA%A4%E6%98%93%E5%9F%BA%E6%9C%AC%E7%9F%A5%E8%AF%86-%E5%88%9D%E5%AD%A6%E8%80%85/,crawl-data/CC-MAIN-2026-25/segments/1780687572428.74/warc/CC-MAIN-20260608224308-20260609014308-00432.warc.gz,976681109,40318,70ae5ec37c16389fdea3f75fb7ef8105285c1d7b4960cb42897b3df0aa32006d,4,2026-08-01T08:24:37Z
fxcentrum.com,https://zh-cn.fxcentrum.com/forex/beginner-guide-cfd-trading-explained/,crawl-data/CC-MAIN-2026-25/segments/1780687572428.74/warc/CC-MAIN-20260608224308-20260609014308-00418.warc.gz,917347797,43575,a27a7b0c4dd50dc408b35328cfbdd4088dcdb6a51cb6976fa96697a9c10fb62f,3,2026-08-01T08:24:37Z
fxcentrum.com,https://zh-cn.fxcentrum.com/forex/best-trading-platform-in-the-uk/,crawl-data/CC-MAIN-2026-25/segments/1780687572428.74/warc/CC-MAIN-20260608224308-20260609014308-00405.warc.gz,908394673,41251,7abec89a30296726caa0fcc13269b538aa91443d43faf96d1a944903be290b96,6,2026-08-01T08:24:37Z
fxcentrum.com,https://zh-cn.fxcentrum.com/forex/understanding-roi-in-forex-successful-trading/,crawl-data/CC-MAIN-2026-25/segments/1780687572428.74/warc/CC-MAIN-20260608224308-20260609014308-00429.warc.gz,925390524,40352,ab3159faf439497f6382307286e9fb4f1e9fa15c4e0323900ecedd216fb8c5aa,3,2026-08-01T08:24:37Z
fxcentrum.com,https://zh-cn.fxcentrum.com/FXC%E7%94%B5%E8%A7%86/,crawl-data/CC-MAIN-2026-25/segments/1780687572428.74/warc/CC-MAIN-20260608224308-20260609014308-00125.warc.gz,982995210,36408,376a6d64532802f45108ecd105698998e93e85ae1354f83adfae1afbb3d42872,3,2026-08-01T08:24:37Z
fxon.com,https://fxon.com/cn/upgrade.html,crawl-data/CC-MAIN-2026-25/segments/1780687865091.90/warc/CC-MAIN-20260618040039-20260618070039-00534.warc.gz,224606331,3070,023653325867bff72013caca5639de8f4c36fe0d9491cd5085984468a5a2b647,0,2026-08-01T08:24:37Z
icmarkets.sc,https://www.icmarkets.sc/cn/company/legal-documents,crawl-data/CC-MAIN-2026-25/segments/1780687573310.71/warc/CC-MAIN-20260615071330-20260615101330-00549.warc.gz,636106354,18668,0b2f519107304b81d3308e18e9a2637864bbc6288ecea3df6a59214862b5a3e8,5,2026-08-01T08:24:37Z
icmarkets.sc,https://www.icmarkets.sc/cn/forex-trading-platform-metatrader/web-trader,crawl-data/CC-MAIN-2026-25/segments/1780687573310.71/warc/CC-MAIN-20260615071330-20260615101330-00075.warc.gz,673438422,20054,adce90df6943f6839a50cd6d04e10a1141b7befa9e9ece66dfb3e9ea34c1d200,5,2026-08-01T08:24:37Z
icmarkets.sc,https://www.icmarkets.sc/cn/help-resources/teamviewer,crawl-data/CC-MAIN-2026-25/segments/1780687573310.71/warc/CC-MAIN-20260615071330-20260615101330-00008.warc.gz,675210631,18580,0ccc925fe2bed1617a1ae6bfe20d73d86c95a3ff1683a86f88d8a76433d6e8d0,5,2026-08-01T08:24:37Z
icmarkets.sc,https://www.icmarkets.sc/cn/introduction/icmarkets-mobile-app,crawl-data/CC-MAIN-2026-25/segments/1780687573310.71/warc/CC-MAIN-20260615071330-20260615101330-00542.warc.gz,651674508,19365,0c85bb41003c2d7db7c7b0be8c98aaa002c1ca1dc390b53cd2b0a319a10fbe3a,5,2026-08-01T08:24:37Z
icmarkets.sc,https://www.icmarkets.sc/cn/social-trading-tools/social-trading-mobile-app,crawl-data/CC-MAIN-2026-25/segments/1780687573310.71/warc/CC-MAIN-20260615071330-20260615101330-00351.warc.gz,671790732,22775,0f0b20064e63a11b34f0341cf10a9c4f28698c1ea81415601d4702dedff2fddd,9,2026-08-01T08:24:37Z
icmarkets.sc,https://www.icmarkets.sc/cn/trading-markets/futures,crawl-data/CC-MAIN-2026-25/segments/1780687573310.71/warc/CC-MAIN-20260615071330-20260615101330-00575.warc.gz,679741697,20586,817cf14d8ed335d711db3d8ad1e6e262c09f471fd51542f33664b1602e17afdc,5,2026-08-01T08:24:37Z
icmarkets.sc,https://www.icmarkets.sc/global/cn/help-resources/forex-calculators,crawl-data/CC-MAIN-2026-25/segments/1780687573310.71/warc/CC-MAIN-20260615071330-20260615101330-00593.warc.gz,649992891,18194,25a67237bf3efef7cab5ff3200340006cc61f4b71b07c3efdc6614c8cef5050c,5,2026-08-01T08:24:37Z
icmarkets.sc,https://www.icmarkets.sc/global/tw/,crawl-data/CC-MAIN-2026-25/segments/1780687573310.71/warc/CC-MAIN-20260615071330-20260615101330-00575.warc.gz,679763225,24404,1c3f9e1b6d1d2d73c32f8f94cbff1ad826df46afeb984744ecca4babb1cfa509,3,2026-08-01T08:24:37Z
icmarkets.sc,https://www.icmarkets.sc/global/tw/help-resources/forex-calculators,crawl-data/CC-MAIN-2026-25/segments/1780687573310.71/warc/CC-MAIN-20260615071330-20260615101330-00169.warc.gz,626986665,18525,66a7ff1d3275d6a3de644e7e98190d4b4cd5f2680cee9cdd8a4c503e4adfbe58,3,2026-08-01T08:24:37Z
icmarkets.sc,https://www.icmarkets.sc/tw/company/sponsorship,crawl-data/CC-MAIN-2026-25/segments/1780687573310.71/warc/CC-MAIN-20260615071330-20260615101330-00583.warc.gz,662383299,22620,c5b13cf3fe880480aaa0ea9a239c7df0e42a7c31da9b41be5eaba5d21f741435,3,2026-08-01T08:24:37Z
icmarkets.sc,https://www.icmarkets.sc/tw/forex-trading-platform-metatrader/android,crawl-data/CC-MAIN-2026-25/segments/1780687573310.71/warc/CC-MAIN-20260615071330-20260615101330-00563.warc.gz,655327687,19581,faff460a45db4bf599353fa8a97d5f46baec69a1534cc874118d90edfda850c4,3,2026-08-01T08:24:37Z
icmarkets.sc,https://www.icmarkets.sc/tw/trading-markets/bonds,crawl-data/CC-MAIN-2026-25/segments/1780687573310.71/warc/CC-MAIN-20260615071330-20260615101330-00287.warc.gz,636239526,21763,9a9d056c748abca2bba5cc649633e916ba45a06b7b936985c45ba4d90a45f93c,3,2026-08-01T08:24:37Z
icmarkets.sc,https://www.icmarkets.sc/tw/trading-markets/futures,crawl-data/CC-MAIN-2026-25/segments/1780687573310.71/warc/CC-MAIN-20260615071330-20260615101330-00391.warc.gz,650631336,20903,b05f05ea81cd3a79c0218426daa89be24b3fb37f846fe94501d49743bcc38354,3,2026-08-01T08:24:37Z
iux.com,https://www.iux.com/zh/company/about,crawl-data/CC-MAIN-2026-25/segments/1780687572348.50/warc/CC-MAIN-20260608012144-20260608042144-00273.warc.gz,695547429,27015,ec6367a502c43ce41c3bafdea0585d5c9e4f28ae0b462a4be839a4dca53a20ec,1,2026-08-01T08:24:37Z
iux.com,https://www.iux.com/zh/company/blog,crawl-data/CC-MAIN-2026-25/segments/1780687572348.50/warc/CC-MAIN-20260608012144-20260608042144-00662.warc.gz,694324010,22030,dfc12126bc449b3ca938ba67ef606ecd61fb702b412876723119c1ad15325d2a,0,2026-08-01T08:24:37Z
iux.com,https://www.iux.com/zh/company/contact,crawl-data/CC-MAIN-2026-25/segments/1780687572348.50/warc/CC-MAIN-20260608012144-20260608042144-00580.warc.gz,696621887,18826,12d9c669f700c601e34dad9f79bc5df35cce2451298dc0aafbad84bbcccb2e52,0,2026-08-01T08:24:37Z
iux.com,https://www.iux.com/zh/company/iux-reviews,crawl-data/CC-MAIN-2026-25/segments/1780687572424.45/warc/CC-MAIN-20260608163702-20260608193702-00470.warc.gz,661503866,24261,bd9fb5cf982d86aad4cd0b2b6fa2247ab18b2aee86df3e835b60a28a46ac15c4,0,2026-08-01T08:24:37Z
iux.com,https://www.iux.com/zh/company/regulation,crawl-data/CC-MAIN-2026-25/segments/1780687572408.13/warc/CC-MAIN-20260608103055-20260608133055-00622.warc.gz,646787722,21523,b29587b8a82fc77dbddb4bfb8dd6e1f1bdd0028db9214be8eeb331706f01bef5,6,2026-08-01T08:24:37Z
iux.com,https://www.iux.com/zh/comparison,crawl-data/CC-MAIN-2026-25/segments/1780687572408.13/warc/CC-MAIN-20260608103055-20260608133055-00635.warc.gz,675803991,20767,ebe49bd8faa605709851d9fff6e4d4d8f4ebcb5bef77e39fe32b1877209d2739,0,2026-08-01T08:24:37Z
iux.com,https://www.iux.com/zh/education/academy/podcast-the-traders-lab/podcast-the-traders-lab-ep17,crawl-data/CC-MAIN-2026-25/segments/1780687572408.13/warc/CC-MAIN-20260608103055-20260608133055-00825.warc.gz,693859223,29525,29f1d16bdaf419f816b241f95dcf02cf0f3440e6ddbe43f9204eb709a979ef69,0,2026-08-01T08:24:37Z
iux.com,https://www.iux.com/zh/education/academy/podcast-traders-journey/podcast-trader-journey-takashi-kotegaawa,crawl-data/CC-MAIN-2026-25/segments/1780687572348.50/warc/CC-MAIN-20260608012144-20260608042144-00105.warc.gz,717927780,30564,4b4375a0614c39f39f7a76b7ba9b2d578778e1bbd5dac96309d19654748588c3,0,2026-08-01T08:24:37Z
iux.com,https://www.iux.com/zh/education/academy/the-commodities-blueprint-trading-the-worlds-essentials/commodity-cycles-and-correlation,crawl-data/CC-MAIN-2026-25/segments/1780687572408.13/warc/CC-MAIN-20260608103055-20260608133055-00070.warc.gz,663083602,28227,9cf9d2ec200059a04fc80e4ffb0d30dba91e33546c387f9a39535ad71aff958f,0,2026-08-01T08:24:37Z
iux.com,https://www.iux.com/zh/education/article/a-comprehensive-guide-to-understanding-commodities-before-investing,crawl-data/CC-MAIN-2026-25/segments/1780687572348.50/warc/CC-MAIN-20260608012144-20260608042144-00876.warc.gz,674359381,32273,bc49d42090cd96c7e0d90392c684238adf200a38d4b79e5c9eefd00f46882133,0,2026-08-01T08:24:37Z
iux.com,https://www.iux.com/zh/education/article/ai-stock-analysis-machine-learning,crawl-data/CC-MAIN-2026-25/segments/1780687572424.45/warc/CC-MAIN-20260608163702-20260608193702-00747.warc.gz,673526598,30687,e37699bb40306d2cdeebfc9ec93d98b71d713d34cd345e850d0bfa9085c48fb8,0,2026-08-01T08:24:37Z
iux.com,https://www.iux.com/zh/education/article/analyzing-global-economic-news-impacting-forex-trading,crawl-data/CC-MAIN-2026-25/segments/1780687572408.13/warc/CC-MAIN-20260608103055-20260608133055-00769.warc.gz,647871865,27306,d4a81419bf4a1db3881028798f6a9711220c7cea0cec408dcffea0ba8c1e6bc8,0,2026-08-01T08:24:37Z
iux.com,https://www.iux.com/zh/education/article/beginner%E2%80%99s-guide-to-dca-investing-how-to-start-safely-and-effectively,crawl-data/CC-MAIN-2026-25/segments/1780687572408.13/warc/CC-MAIN-20260608103055-20260608133055-00695.warc.gz,702664433,31850,f3c454df18a8b884364e1060a03ce0cd514983725333e485e1259cb52a288cf2,0,2026-08-01T08:24:37Z
iux.com,https://www.iux.com/zh/education/article/bitcoin's-path-to-13-million-a-bold-forecast-by-michael-saylor,crawl-data/CC-MAIN-2026-25/segments/1780687572424.45/warc/CC-MAIN-20260608163702-20260608193702-00845.warc.gz,687295206,28875,812b365e98d019b893e2c21bf8c3f790ed9cc3d25e875dc3544303067ca66ff1,0,2026-08-01T08:24:37Z
iux.com,https://www.iux.com/zh/education/article/bitcoin-diverges-from-gold-and-nasdaq-risk-asset-or-hedge,crawl-data/CC-MAIN-2026-25/segments/1780687572408.13/warc/CC-MAIN-20260608103055-20260608133055-00018.warc.gz,698588148,31901,fb0b806759e7081636a6ca378a7401fa0bc3078d6b821ae6e1b59f2218cdc823,0,2026-08-01T08:24:37Z
iux.com,https://www.iux.com/zh/education/article/bitcoin-surges-past-89000-is-trump%E2%80%99s-presidential-win-fueling-the-rally,crawl-data/CC-MAIN-2026-25/segments/1780687572408.13/warc/CC-MAIN-20260608103055-20260608133055-00550.warc.gz,711531083,23425,17cb0bfb8e950623dddae6ccf2e9410b305484ab2bddb94ba00b9f82effa4fd9,0,2026-08-01T08:24:37Z
iux.com,https://www.iux.com/zh/education/article/bull-vs-bear-market-cycles-guide,crawl-data/CC-MAIN-2026-25/segments/1780687572424.45/warc/CC-MAIN-20260608163702-20260608193702-00572.warc.gz,632386705,29132,8753365182224554d432997ef7626e2a79be56d742063198b722b0c3d658c339,0,2026-08-01T08:24:37Z
iux.com,https://www.iux.com/zh/education/article/chinese-stocks-investment-trading-opportunities,crawl-data/CC-MAIN-2026-25/segments/1780687572424.45/warc/CC-MAIN-20260608163702-20260608193702-00665.warc.gz,673194466,35433,86fe0f560720d73d195fa1f75c5aed08e1162cb651ac9b2219bf3d10ed112648,0,2026-08-01T08:24:37Z
iux.com,https://www.iux.com/zh/education/article/copy-trading-vs-social-trading-differences,crawl-data/CC-MAIN-2026-25/segments/1780687572348.50/warc/CC-MAIN-20260608012144-20260608042144-00456.warc.gz,691714150,29088,48dc8f3b34eed98e9483e34020f4ca11c5fd120087c0a8e42f87e6ec31554bac,0,2026-08-01T08:24:37Z
iux.com,https://www.iux.com/zh/education/article/create-a-stronger-future-with-long-term-passive-investing,crawl-data/CC-MAIN-2026-25/segments/1780687572424.45/warc/CC-MAIN-20260608163702-20260608193702-00156.warc.gz,711253164,30096,e54cae42250ed92cff386122a7b7cc6e647cc49aa7cda277767de8a8d609b35e,0,2026-08-01T08:24:37Z
iux.com,https://www.iux.com/zh/education/article/defi-decentralized-finance-what-every-trader-should-know,crawl-data/CC-MAIN-2026-25/segments/1780687572408.13/warc/CC-MAIN-20260608103055-20260608133055-00190.warc.gz,657777718,28822,878aa1cd2bdd1ef0f002c85fdef5028850ffdfb3cc4e19c9697cb58a35b33b40,0,2026-08-01T08:24:37Z
iux.com,https://www.iux.com/zh/education/article/does-warren-buffett-use-leverage,crawl-data/CC-MAIN-2026-25/segments/1780687572348.50/warc/CC-MAIN-20260608012144-20260608042144-00806.warc.gz,702267936,24708,8383ef35b3e41f6642bb3786618b568049c2d0313c94cf3988670c40aab6e284,0,2026-08-01T08:24:37Z
iux.com,https://www.iux.com/zh/education/article/economic-news-impact-forex,crawl-data/CC-MAIN-2026-25/segments/1780687572424.45/warc/CC-MAIN-20260608163702-20260608193702-00209.warc.gz,669112590,28783,8a6fba6096c053d281cf1fcaa4aa5c15ce1e43d9e86aa8434563ba1ce661a325,0,2026-08-01T08:24:37Z
iux.com,https://www.iux.com/zh/education/article/eur-usd-most-liquid-forex-pair,crawl-data/CC-MAIN-2026-25/segments/1780687572348.50/warc/CC-MAIN-20260608012144-20260608042144-00582.warc.gz,653302485,27463,c39e44d217c8dfcf143dcbcf072605d3fc1d19a0fb30554adccc9986ee20b8a0,0,2026-08-01T08:24:37Z
iux.com,https://www.iux.com/zh/education/article/fed-rate-impact-forex-stocks-2025,crawl-data/CC-MAIN-2026-25/segments/1780687572348.50/warc/CC-MAIN-20260608012144-20260608042144-00892.warc.gz,706858646,27753,802e7b4c8e45bd682b9ee8df0fb3c5b43892b1fdd99ce3bbf4b3805263671f11,0,2026-08-01T08:24:37Z
iux.com,https://www.iux.com/zh/education/article/financial-reports-economic-factors-stock-market,crawl-data/CC-MAIN-2026-25/segments/1780687572408.13/warc/CC-MAIN-20260608103055-20260608133055-00416.warc.gz,693097159,26095,13842fcdb15e3433992d21954b69279c35cd8843b4aa903072156ae675b7ccd2,0,2026-08-01T08:24:37Z
iux.com,https://www.iux.com/zh/education/article/forecasting-stock-trends-with-key-economic-indicators,crawl-data/CC-MAIN-2026-25/segments/1780687572424.45/warc/CC-MAIN-20260608163702-20260608193702-00615.warc.gz,635865400,30520,aa58ae2a9f7ab99b749e405d1dd0c57ba4e7b7e7aed77d3c43c2ca01713bd4a2,0,2026-08-01T08:24:37Z
iux.com,https://www.iux.com/zh/education/article/forex-vs-crypto-trading-which-one-is-right-for-you,crawl-data/CC-MAIN-2026-25/segments/1780687572408.13/warc/CC-MAIN-20260608103055-20260608133055-00697.warc.gz,673611564,27642,383461c2986b106c830b687ccd60c1935adee339fd98b2a0b49ce58baac165ab,2,2026-08-01T08:24:37Z
iux.com,https://www.iux.com/zh/education/article/get-to-know-the-types-of-etfs-that-fit-your-investment-style,crawl-data/CC-MAIN-2026-25/segments/1780687572424.45/warc/CC-MAIN-20260608163702-20260608193702-00515.warc.gz,716647237,27611,cad43645f6a79ce4adf901688a40389b79ad41a0de5cac60fc2b3b3dc48e82ff,0,2026-08-01T08:24:37Z
iux.com,https://www.iux.com/zh/education/article/gold-swing-trading-strategies-xauusd,crawl-data/CC-MAIN-2026-25/segments/1780687572408.13/warc/CC-MAIN-20260608103055-20260608133055-00456.warc.gz,706764021,30247,467b916d3093adf9ad5c30f07d4aeb6be1fcaba9417e406b41c3919594590ded,0,2026-08-01T08:24:37Z
iux.com,https://www.iux.com/zh/education/article/growth-vs-value-stocks-balanced-portfolio-guide,crawl-data/CC-MAIN-2026-25/segments/1780687572408.13/warc/CC-MAIN-20260608103055-20260608133055-00634.warc.gz,709803719,28086,e98d57ba5896e4886f77a38ffef37cf166593a9c011156f260e3c5c5ff127524,0,2026-08-01T08:24:37Z
iux.com,https://www.iux.com/zh/education/article/how-do-bitcoin-and-crypto-play-a-role-in-economic-uncertainty,crawl-data/CC-MAIN-2026-25/segments/1780687572408.13/warc/CC-MAIN-20260608103055-20260608133055-00496.warc.gz,684485043,27635,ff2c1593de1b6f94db5ac8f4f8142f7915c1a230f6e79e73419edae3c892b016,0,2026-08-01T08:24:37Z
iux.com,https://www.iux.com/zh/education/article/how-do-gold-oil-and-steel-prices-change-in-different-economic-conditions,crawl-data/CC-MAIN-2026-25/segments/1780687572408.13/warc/CC-MAIN-20260608103055-20260608133055-00579.warc.gz,674771148,27522,cf0bdf78dfb7ad577b713c87f3680587de36d21e5a4b7cb91f7e53a6b3981178,0,2026-08-01T08:24:37Z
iux.com,https://www.iux.com/zh/education/article/how-luckin-coffee-overtook-starbucks-in-china,crawl-data/CC-MAIN-2026-25/segments/1780687572408.13/warc/CC-MAIN-20260608103055-20260608133055-00263.warc.gz,690485000,33292,4f5f104f3b0e602b0c87527ec57389d5a9ae0839881cf534a7b1e453f6d4579a,0,2026-08-01T08:24:37Z
iux.com,https://www.iux.com/zh/education/article/how-to-analyze-stock-charts-for-beginner-traders,crawl-data/CC-MAIN-2026-25/segments/1780687572348.50/warc/CC-MAIN-20260608012144-20260608042144-00187.warc.gz,654806235,27812,e8d2d0548a70928f5463bf002512dec4a320aee2c937fb5f6a4a7d09eab4fd3b,0,2026-08-01T08:24:37Z
iux.com,https://www.iux.com/zh/education/article/how-to-build-a-diversified-stock-portfolio-for-long-term-returns,crawl-data/CC-MAIN-2026-25/segments/1780687572408.13/warc/CC-MAIN-20260608103055-20260608133055-00262.warc.gz,650718988,29529,529c1bffebd9dd9fa19b4905f319bada97204cd0b013c2514a8a57798574f948,0,2026-08-01T08:24:37Z
iux.com,https://www.iux.com/zh/education/article/how-to-choose-your-first-stock-a-beginner%E2%80%99s-guide,crawl-data/CC-MAIN-2026-25/segments/1780687572424.45/warc/CC-MAIN-20260608163702-20260608193702-00177.warc.gz,670672895,31956,110b89d181ab2681f2d707025ef1fc13a6feffa73b71b0a34bd7347c1221b6a6,0,2026-08-01T08:24:37Z
iux.com,https://www.iux.com/zh/education/article/how-to-invest-in-etfs-smartly-choose-the-right-funds-to-fit-your-financial-goals,crawl-data/CC-MAIN-2026-25/segments/1780687572348.50/warc/CC-MAIN-20260608012144-20260608042144-00419.warc.gz,726828143,29169,be74f6ee21a241f3ac7b2a10d742c268623a6c1d4efdd7252f3d7ddb485f2b14,0,2026-08-01T08:24:37Z
iux.com,https://www.iux.com/zh/education/article/how-to-set-stop-loss-and-take-profit-trading-guide,crawl-data/CC-MAIN-2026-25/segments/1780687572408.13/warc/CC-MAIN-20260608103055-20260608133055-00042.warc.gz,688920531,30691,a27b5a313c5338fd17594039eaad5d87dce49efbbdcfbb161a9f61d05ed71e8d,0,2026-08-01T08:24:37Z
iux.com,https://www.iux.com/zh/education/article/how-to-start-investing-in-gold-for-beginners,crawl-data/CC-MAIN-2026-25/segments/1780687572424.45/warc/CC-MAIN-20260608163702-20260608193702-00450.warc.gz,652290930,27296,5e44508f871ff4430b60097555aabe431b720253d93c4687ff5ca9f3107e7972,0,2026-08-01T08:24:37Z
m4markets.com,https://m4markets.com/zh-hans/,crawl-data/CC-MAIN-2026-25/segments/1780687572801.27/warc/CC-MAIN-20260613020618-20260613050618-00542.warc.gz,289429446,36497,6b9a3cc19b7e840dd9ea66f8d301a38843e1157fc54e1aa29af08b079e076378,10,2026-08-01T08:24:37Z
m4markets.com,https://m4markets.com/zh-hans/%E4%B8%8E%E4%B8%89%E9%87%8D%E7%9B%91%E7%AE%A1%E7%BB%8F%E7%BA%AA%E5%95%86%E4%BA%A4%E6%98%93%E5%B7%AE%E4%BB%B7%E5%90%88%E7%BA%A6-15/,crawl-data/CC-MAIN-2026-25/segments/1780687573334.26/warc/CC-MAIN-20260615132716-20260615162716-00494.warc.gz,278278708,36902,bab24e7a5e9291645c1f8616bb1f1d9a88c87b41843ae058eac68fab6aa301d1,11,2026-08-01T08:24:37Z
m4markets.com,https://m4markets.com/zh-hans/%E4%B8%8E%E4%B8%89%E9%87%8D%E7%9B%91%E7%AE%A1%E7%BB%8F%E7%BA%AA%E5%95%86%E4%BA%A4%E6%98%93%E5%B7%AE%E4%BB%B7%E5%90%88%E7%BA%A6-6/,crawl-data/CC-MAIN-2026-25/segments/1780687572801.27/warc/CC-MAIN-20260613020618-20260613050618-00158.warc.gz,286851393,36627,8cf3ba9160efc38927096774623c8940a13db21801bec0435a706d397f09a510,11,2026-08-01T08:24:37Z
m4markets.com,https://m4markets.com/zh-hans/%E4%B8%8E%E4%B8%89%E9%87%8D%E7%9B%91%E7%AE%A1%E7%BB%8F%E7%BA%AA%E5%95%86%E4%BA%A4%E6%98%93%E5%B7%AE%E4%BB%B7%E5%90%88%E7%BA%A6-8/,crawl-data/CC-MAIN-2026-25/segments/1780687572812.14/warc/CC-MAIN-20260613082120-20260613112120-00220.warc.gz,302203891,36639,7b2479eeb8a58ec50db51968d9075aef0d2c224745eb54dda0936763971ece19,11,2026-08-01T08:24:37Z
m4markets.com,https://m4markets.com/zh-hans/about-m4markets/,crawl-data/CC-MAIN-2026-25/segments/1780687572801.27/warc/CC-MAIN-20260613020618-20260613050618-00909.warc.gz,294564099,35257,79eb464576f70127301e9154edf864e2c7779944942655bf4da71ebb3312fd92,11,2026-08-01T08:24:37Z
m4markets.com,https://m4markets.com/zh-hans/accounts/,crawl-data/CC-MAIN-2026-25/segments/1780687573334.26/warc/CC-MAIN-20260615132716-20260615162716-00043.warc.gz,280834840,26360,36dbeeece17e60f0cc19b9871b284f6816cb8a55b1ee4ddc864a26679d6e3e18,10,2026-08-01T08:24:37Z
m4markets.com,https://m4markets.com/zh-hans/accounts/demo-account/,crawl-data/CC-MAIN-2026-25/segments/1780687572801.27/warc/CC-MAIN-20260613020618-20260613050618-00265.warc.gz,290699963,34106,769ce093416837d6fd4eea1ace19519375345b117487b0d803fe08878336ba71,10,2026-08-01T08:24:37Z
m4markets.com,https://m4markets.com/zh-hans/accounts/dynamic-leverage-account/,crawl-data/CC-MAIN-2026-25/segments/1780687573334.26/warc/CC-MAIN-20260615132716-20260615162716-00217.warc.gz,277813287,37155,4629ff7ad95170f618b720e0041a6f69f880b77a154a3d93f8ce5700ec8534dc,10,2026-08-01T08:24:37Z
m4markets.com,https://m4markets.com/zh-hans/all-promotions/,crawl-data/CC-MAIN-2026-25/segments/1780687572812.14/warc/CC-MAIN-20260613082120-20260613112120-00941.warc.gz,288998102,37258,d847e4054e017cef184fbff2991dcad0efc315a00248f228659cb2669445277f,10,2026-08-01T08:24:37Z
m4markets.com,https://m4markets.com/zh-hans/blog/category/%E6%9C%AA%E5%88%86%E7%B1%BB/,crawl-data/CC-MAIN-2026-25/segments/1780687857298.70/warc/CC-MAIN-20260616081454-20260616111454-00904.warc.gz,300579923,28640,c2332109bcc37170b19a007071b29024b62102980135824e6c06d105d20656df,10,2026-08-01T08:24:37Z
m4markets.com,https://m4markets.com/zh-hans/blog/news/,crawl-data/CC-MAIN-2026-25/segments/1780687572812.14/warc/CC-MAIN-20260613082120-20260613112120-00557.warc.gz,287437379,30640,5052e9556202dfac128c9e787619d90941ebc9488985ca756d351d5d166bd29a,10,2026-08-01T08:24:37Z
m4markets.com,https://m4markets.com/zh-hans/blog/news-category/company-updates-zh-hans/,crawl-data/CC-MAIN-2026-25/segments/1780687573334.26/warc/CC-MAIN-20260615132716-20260615162716-00003.warc.gz,268183859,30403,6790e43b8e19f3cc295be8ede26d63d78c7adb16af126c8d140dd8c7a84dbc99,10,2026-08-01T08:24:37Z
m4markets.com,https://m4markets.com/zh-hans/blog/news-category/new-services-zh-hans/,crawl-data/CC-MAIN-2026-25/segments/1780687572801.27/warc/CC-MAIN-20260613020618-20260613050618-00390.warc.gz,296136685,28868,9c576703bc7d7599316aa505519461581aa6b89c55f9ef01739ccdce4261360d,10,2026-08-01T08:24:37Z
m4markets.com,https://m4markets.com/zh-hans/blog/news-category/trading-updates-zh-hans/,crawl-data/CC-MAIN-2026-25/segments/1780687572801.27/warc/CC-MAIN-20260613020618-20260613050618-00399.warc.gz,294780260,30259,c372e123d0a66220b2e2aac8bf05fa41e478c0ca717d28087b5603d314847fe4,10,2026-08-01T08:24:37Z
m4markets.com,https://m4markets.com/zh-hans/blog/news/accelerate-your-business-like-m4-alpine-and-get-invited-to-the-2025-fia-world-endurance-championship-in-japan/,crawl-data/CC-MAIN-2026-25/segments/1780687573334.26/warc/CC-MAIN-20260615132716-20260615162716-00810.warc.gz,256686815,30842,095cbc60a325dd6a6391c48f13a787edd0049240181b3c7c39ce48bedda1fc20,10,2026-08-01T08:24:37Z
m4markets.com,https://m4markets.com/zh-hans/blog/news/announcement-crypto-cfd-market-adjustment-on-february-15th/,crawl-data/CC-MAIN-2026-25/segments/1780687572812.14/warc/CC-MAIN-20260613082120-20260613112120-00828.warc.gz,273147890,35604,1572fa26c918ea5dafd700fbc2d875da7d03679978dde95f8734728d38826cf3,60,2026-08-01T08:24:37Z
m4markets.com,https://m4markets.com/zh-hans/blog/news/announcement-crypto-cfd-market-adjustment-on-february-15th-2/,crawl-data/CC-MAIN-2026-25/segments/1780687572812.14/warc/CC-MAIN-20260613082120-20260613112120-00887.warc.gz,273304673,28911,7a17064036d0b60f49d86a669e8af2b1286bfcfb8bf6428107d97cdd422b3c8a,10,2026-08-01T08:24:37Z
m4markets.com,https://m4markets.com/zh-hans/blog/news/april-2025-temporary-margin-requirement-adjustments-for-earnings-season/,crawl-data/CC-MAIN-2026-25/segments/1780687572812.14/warc/CC-MAIN-20260613082120-20260613112120-00528.warc.gz,258493251,35309,f70f1f2be7af7aa4ab70dcf52019bbb95938c2275c0dc409edd804971f74042f,42,2026-08-01T08:24:37Z
m4markets.com,https://m4markets.com/zh-hans/blog/news/august-2025-temporary-margin-requirement-adjustments-for-earnings-season/,crawl-data/CC-MAIN-2026-25/segments/1780687573334.26/warc/CC-MAIN-20260615132716-20260615162716-00409.warc.gz,305161879,33027,8a0a11195487703bff95bfe0b361f51b6551a430c476a9a667a249de1e85f36b,51,2026-08-01T08:24:37Z
m4markets.com,https://m4markets.com/zh-hans/blog/news/crypto-cfd-market-trading-hours-adjustment-march-9th-2025/,crawl-data/CC-MAIN-2026-25/segments/1780687572812.14/warc/CC-MAIN-20260613082120-20260613112120-00516.warc.gz,301625307,29598,336686cae93fe06e5d4221a2b89a74a20e0bbb7f407caca84d19e5eca0ce2c38,10,2026-08-01T08:24:37Z
m4markets.com,https://m4markets.com/zh-hans/blog/news/daylight-saving-trading-schedule-update-9-30-march-2025/,crawl-data/CC-MAIN-2026-25/segments/1780687572801.27/warc/CC-MAIN-20260613020618-20260613050618-00255.warc.gz,267454974,32325,79d0bc01e00070a79e7f44cbb4a982c0d9ed7ecc25297192ca21ffc3490b2642,10,2026-08-01T08:24:37Z
m4markets.com,https://m4markets.com/zh-hans/blog/news/important-notice-crypto-cfd-market-adjustments-for-server-upgrade/,crawl-data/CC-MAIN-2026-25/segments/1780687572801.27/warc/CC-MAIN-20260613020618-20260613050618-00332.warc.gz,291754299,32113,8f2da5009a81b5105bb5864ce60b64b53de8eb17f50ef6d4a3a4829267f595ad,10,2026-08-01T08:24:37Z
m4markets.com,https://m4markets.com/zh-hans/blog/news/important-notice-crypto-cfd-market-trading-hours-adjustment-june-28th-2025/,crawl-data/CC-MAIN-2026-25/segments/1780687572801.27/warc/CC-MAIN-20260613020618-20260613050618-00334.warc.gz,307818835,30024,0929df0c97fe70f838dcca1c954f9b3772d07f4b306b7713838ab78ad713aa8e,10,2026-08-01T08:24:37Z
m4markets.com,https://m4markets.com/zh-hans/blog/news/january-2025-temporary-margin-requirement-adjustments-for-earnings-season/,crawl-data/CC-MAIN-2026-25/segments/1780687572812.14/warc/CC-MAIN-20260613082120-20260613112120-00356.warc.gz,301514122,34125,941a804dcc131983e710d6ee4fb9483d59f8a8776eec977de5a489421d0ef2ee,23,2026-08-01T08:24:37Z
m4markets.com,https://m4markets.com/zh-hans/blog/news/july-2025-temporary-margin-requirement-adjustments-for-earnings-season/,crawl-data/CC-MAIN-2026-25/segments/1780687572812.14/warc/CC-MAIN-20260613082120-20260613112120-00868.warc.gz,297864118,34786,7dcedceb653147e65072a77311607dcf570ba48b1a24b44307d7bd6b8c899e1f,39,2026-08-01T08:24:37Z
m4markets.com,https://m4markets.com/zh-hans/blog/news/june-2025-temporary-margin-requirement-adjustments-for-earnings-season/,crawl-data/CC-MAIN-2026-25/segments/1780687572812.14/warc/CC-MAIN-20260613082120-20260613112120-00354.warc.gz,290253252,31198,8a4411bf690df029dcc52a0170ba6c081d22144c62e94fe949fc653452e8fb7f,14,2026-08-01T08:24:37Z
m4markets.com,https://m4markets.com/zh-hans/blog/news/m4markets-ends-the-year-with-a-milestone-partnership-launching-the-new-mobile-app-with-fx-back-office/,crawl-data/CC-MAIN-2026-25/segments/1780687572812.14/warc/CC-MAIN-20260613082120-20260613112120-00225.warc.gz,284402022,31140,c63ca8cbfaf20a6d1ed908c04708d96cf60f3fff12b2ae5bbf5475485e319879,10,2026-08-01T08:24:37Z
m4markets.com,https://m4markets.com/zh-hans/blog/news/m4markets-engages-with-partners-and-clients-at-argentina-wealth-expo-2025/,crawl-data/CC-MAIN-2026-25/segments/1780687572812.14/warc/CC-MAIN-20260613082120-20260613112120-00358.warc.gz,280297691,30755,75a7bfc30390913c754f4013a4dd91a84a08fd14f6c71f3c6c15945d0d58c4b5,10,2026-08-01T08:24:37Z
m4markets.com,https://m4markets.com/zh-hans/blog/news/m4markets-successfully-showcases-at-money-expo-mexico-2025/,crawl-data/CC-MAIN-2026-25/segments/1780687572812.14/warc/CC-MAIN-20260613082120-20260613112120-00509.warc.gz,297582217,31022,0eb0c91df8931e57aa435b6a912b479e41b36d51a743aabafc1daefff7df05fb,10,2026-08-01T08:24:37Z
m4markets.com,https://m4markets.com/zh-hans/blog/news/march-2025-temporary-margin-requirement-adjustments-for-earnings-season/,crawl-data/CC-MAIN-2026-25/segments/1780687572812.14/warc/CC-MAIN-20260613082120-20260613112120-00835.warc.gz,279171867,32890,cb992f598a72f24bd06e7764a7f8f0b3bd8d9d42db1ef1871154cfe64c6eac82,20,2026-08-01T08:24:37Z
m4markets.com,https://m4markets.com/zh-hans/blog/news/may-2025-temporary-margin-requirement-adjustments-for-earnings-season/,crawl-data/CC-MAIN-2026-25/segments/1780687857298.70/warc/CC-MAIN-20260616081454-20260616111454-00393.warc.gz,301107471,34708,8ec08f57d65545117971e45f7d6f7f3234d4efbfd13eacb1c4dd5b6cd484dc39,45,2026-08-01T08:24:37Z
m4markets.com,https://m4markets.com/zh-hans/blog/news/meet-m4markets-at-money-expo-mexico-2025/,crawl-data/CC-MAIN-2026-25/segments/1780687573334.26/warc/CC-MAIN-20260615132716-20260615162716-00384.warc.gz,290102392,29111,e4b04a599bac62564b226c69579777837e7fb4fb6eab7ca90492b3cefb4b35bf,10,2026-08-01T08:24:37Z
m4markets.com,https://m4markets.com/zh-hans/blog/news/update-trading-schedule-february-17-28/,crawl-data/CC-MAIN-2026-25/segments/1780687572812.14/warc/CC-MAIN-20260613082120-20260613112120-00882.warc.gz,291750750,32881,063afb27b20556c10eedd0d0ced683d4e678ffebd68b5a50084beeebe27cab10,10,2026-08-01T08:24:37Z
m4markets.com,https://m4markets.com/zh-hans/blog/news/update-trading-schedule-july/,crawl-data/CC-MAIN-2026-25/segments/1780687857298.70/warc/CC-MAIN-20260616081454-20260616111454-00516.warc.gz,289686438,32523,cd79614b77efdae55f16abf61f7588f9ad678e3b05217f0a6013924209517dfb,10,2026-08-01T08:24:37Z
m4markets.com,https://m4markets.com/zh-hans/blog/news/update-trading-schedule-june/,crawl-data/CC-MAIN-2026-25/segments/1780687572812.14/warc/CC-MAIN-20260613082120-20260613112120-00818.warc.gz,303060597,31496,b6b9e55547ac7dd6b0bd5640106e80629769446ff4c8603ce29faf545b33d5cb,10,2026-08-01T08:24:37Z
m4markets.com,https://m4markets.com/zh-hans/blog/news/update-trading-schedule-september/,crawl-data/CC-MAIN-2026-25/segments/1780687572812.14/warc/CC-MAIN-20260613082120-20260613112120-00137.warc.gz,309066003,30826,1e93fd3c24c3377bdb55c127dba1612f8d0b63d8e8713955a5e353ed9157fd0f,10,2026-08-01T08:24:37Z
m4markets.com,https://m4markets.com/zh-hans/blog/news/updated-trading-schedule-may/,crawl-data/CC-MAIN-2026-25/segments/1780687572812.14/warc/CC-MAIN-20260613082120-20260613112120-00853.warc.gz,310879287,31471,08fa8b9a548195bfa4b85b7777cb2c640733158e8d5c75185a1d127400b42605,11,2026-08-01T08:24:37Z
m4markets.com,https://m4markets.com/zh-hans/careers/,crawl-data/CC-MAIN-2026-25/segments/1780687572812.14/warc/CC-MAIN-20260613082120-20260613112120-00400.warc.gz,287756465,30472,da89d25f9839df883d6e4eedea515bf77e8dee8d1e3e26dd8eb5a1b9b6d1c209,10,2026-08-01T08:24:37Z
m4markets.com,https://m4markets.com/zh-hans/conditions/margin-leverage/,crawl-data/CC-MAIN-2026-25/segments/1780687573334.26/warc/CC-MAIN-20260615132716-20260615162716-00044.warc.gz,286031409,39966,1ae3244590d82e4ffcee0e48c65a53cfcc245e63678813a933e09ef02aa8166a,10,2026-08-01T08:24:37Z
m4markets.com,https://m4markets.com/zh-hans/contact-us/,crawl-data/CC-MAIN-2026-25/segments/1780687572812.14/warc/CC-MAIN-20260613082120-20260613112120-00038.warc.gz,300041594,44413,264bc0c82f2af95abdadc807c106d4e8e2aaacfceac03206d065c3f375d81b8c,10,2026-08-01T08:24:37Z
pepperstone.com,https://pepperstone.com/zh/,crawl-data/CC-MAIN-2026-25/segments/1780687572320.30/warc/CC-MAIN-20260607101131-20260607131131-00888.warc.gz,345080365,73217,e9ac813cc5843a0b8b94064c2241679dcb7c8979f41ee6ec2b4c3d09cee5a32f,2,2026-08-01T08:24:37Z
pepperstone.com,https://pepperstone.com/zh-au/analysis/central-banks/,crawl-data/CC-MAIN-2026-25/segments/1780687572356.36/warc/CC-MAIN-20260608042447-20260608072447-00542.warc.gz,346692814,37928,36e104bd29ffc0d304a40d8dd8fac34a0cf30ec5b9766503f78d448348dbdf03,1,2026-08-01T08:24:37Z
pepperstone.com,https://pepperstone.com/zh-au/analysis/FOMC/,crawl-data/CC-MAIN-2026-25/segments/1780687572356.36/warc/CC-MAIN-20260608042447-20260608072447-00274.warc.gz,360236624,39171,94ecd8ed93e761f7bcee1aa7704c77c7357b8f5e18933aa7e3562a81e1fe732e,1,2026-08-01T08:24:37Z
pepperstone.com,https://pepperstone.com/zh-au/analysis/forex/,crawl-data/CC-MAIN-2026-25/segments/1780687572493.93/warc/CC-MAIN-20260609201214-20260609231214-00105.warc.gz,364094040,39050,00cb7a517a8d8513720d1a8cf9b23847d92ce211a7a16122fed3f4280a75ffe2,1,2026-08-01T08:24:37Z
pepperstone.com,https://pepperstone.com/zh-au/analysis/meet-the-analysts/,crawl-data/CC-MAIN-2026-25/segments/1780687572430.69/warc/CC-MAIN-20260609014839-20260609044839-00346.warc.gz,355466878,40924,3bd1434181de950cdb9668ef4f3e3b7d07f415cdbfe4968f5f57a94bdf45b0cf,1,2026-08-01T08:24:37Z
pepperstone.com,https://pepperstone.com/zh-au/analysis/meet-the-analysts/dilin-wu/,crawl-data/CC-MAIN-2026-25/segments/1780687861791.76/warc/CC-MAIN-20260617030125-20260617060125-00950.warc.gz,336990756,39864,c4cffdb368c2ec6f08d3687bd5520f273bea6079475434babb30a734c91d23ba,1,2026-08-01T08:24:37Z
pepperstone.com,https://pepperstone.com/zh-au/analysis/meet-the-analysts/michael-brown/,crawl-data/CC-MAIN-2026-25/segments/1780687572221.39/warc/CC-MAIN-20260606190247-20260606220247-00129.warc.gz,347214537,40616,4b19f977121d15c4828e783f6e0c030f5a6e051667ce602004e6e7b3c5c2ecf2,1,2026-08-01T08:24:37Z
pepperstone.com,https://pepperstone.com/zh-au/analysis/microsoft/,crawl-data/CC-MAIN-2026-25/segments/1780687572356.36/warc/CC-MAIN-20260608042447-20260608072447-00679.warc.gz,336467736,38879,6d12e6e9884d5c693c683d16cd42b676f4885b5774e1cd7d1d73ee25c8e63620,1,2026-08-01T08:24:37Z
pepperstone.com,https://pepperstone.com/zh-au/analysis/navigating-markets/,crawl-data/CC-MAIN-2026-25/segments/1780687572493.93/warc/CC-MAIN-20260609201214-20260609231214-00393.warc.gz,341313943,90395,891e2bb94f8e442c7add356dfdb17d2404ed47af6a8baea1fc6a4306a1577641,1,2026-08-01T08:24:37Z
pepperstone.com,https://pepperstone.com/zh-au/analysis/navigating-markets/amazon-amzn-q4-25-earnings-solid-revenue-and-aws-growth-but-heavy-investments-pressure-cash-flow/,crawl-data/CC-MAIN-2026-25/segments/1780687572575.51/warc/CC-MAIN-20260610082535-20260610112535-00322.warc.gz,375668049,47655,6b0b3ee9096e480cf3c0d4cde4d2cc9dd678ddb1e3449dcd8eaf8648014ff45d,1,2026-08-01T08:24:37Z
pepperstone.com,https://pepperstone.com/zh-au/analysis/navigating-markets/amazon-surges-after-earnings-aws-rebound-ai-bets-drive-big-growth/,crawl-data/CC-MAIN-2026-25/segments/1780687572080.85/warc/CC-MAIN-20260605214811-20260606004811-00237.warc.gz,338404732,48569,da34bc5c0402175b621090d545717016ee45a45c5ff1f8f6a303b6e458665d82,1,2026-08-01T08:24:37Z
pepperstone.com,https://pepperstone.com/zh-au/analysis/navigating-markets/aud-broadly-strong-audusd-breaks-above-0-68-q4-cpi-key-to-rate-outlook/,crawl-data/CC-MAIN-2026-25/segments/1780687573310.71/warc/CC-MAIN-20260615071330-20260615101330-00956.warc.gz,341010793,47343,2f2f58056f724a94cbb4828674f90c8265a98ebb5250c96eaef0d57b3ef5596f,1,2026-08-01T08:24:37Z
pepperstone.com,https://pepperstone.com/zh-au/analysis/navigating-markets/bitcoin-breaks-95000-short-squeeze-drives-move-trend-remains-uncertain/,crawl-data/CC-MAIN-2026-25/segments/1780687865091.90/warc/CC-MAIN-20260618040039-20260618070039-00042.warc.gz,338177882,47602,d1597c80479442dcdd01144754445914e7dfc36addbbe7d224486ca2ab148ab9,1,2026-08-01T08:24:37Z
pepperstone.com,https://pepperstone.com/zh-au/analysis/navigating-markets/bitcoin-falls-below-100k-multiple-headwinds-trigger-sell-off-setting-stage-for-potential-rebound/,crawl-data/CC-MAIN-2026-25/segments/1780687573310.71/warc/CC-MAIN-20260615071330-20260615101330-00914.warc.gz,352861670,49754,593e567fa13da11535a18a23f6f116a1708d242642124380ed086c49c0b69b34,1,2026-08-01T08:24:37Z
pepperstone.com,https://pepperstone.com/zh-au/analysis/navigating-markets/cautious-tone-as-prices-turn-choppy-all-eyes-on-us-china-talks/,crawl-data/CC-MAIN-2026-25/segments/1780687572410.96/warc/CC-MAIN-20260608133404-20260608163404-00288.warc.gz,372701705,47852,d0a7cd29a4e9160276e90c6dc4fdb46f2de013644bf104c5aeaa22daf4020add,1,2026-08-01T08:24:37Z
pepperstone.com,https://pepperstone.com/zh-au/analysis/navigating-markets/cba-h1-26-earnings-preview-rba-resumes-rate-hikes-focus-on-profitability-and-asset-quality/,crawl-data/CC-MAIN-2026-25/segments/1780687572755.62/warc/CC-MAIN-20260612102657-20260612132657-00468.warc.gz,321165637,46783,cf0d76fcd8dc1dfd9f6f1f5d9f508b05aae04d4294709b925f9dd085334905b4,1,2026-08-01T08:24:37Z
pepperstone.com,https://pepperstone.com/zh-au/analysis/navigating-markets/china/,crawl-data/CC-MAIN-2026-25/segments/1780687861791.76/warc/CC-MAIN-20260617030125-20260617060125-00545.warc.gz,384187159,38338,29f471fc9c4d8952a920462fce883e9520fc7420b62737ab288f8b26be8b7ef3,1,2026-08-01T08:24:37Z
pepperstone.com,https://pepperstone.com/zh-au/analysis/navigating-markets/china-ai-stocks-surge-could-cn50-hk50-be-the-next-nasdaq/,crawl-data/CC-MAIN-2026-25/segments/1780687572575.51/warc/CC-MAIN-20260610082535-20260610112535-00442.warc.gz,342901951,49925,3c18bb7bd9c628eb31d32729e072ded19d64207245f942ffb10eaf716c6d0e86,1,2026-08-01T08:24:37Z
pepperstone.com,https://pepperstone.com/zh-au/analysis/navigating-markets/crude/,crawl-data/CC-MAIN-2026-25/segments/1780687572493.93/warc/CC-MAIN-20260609201214-20260609231214-00761.warc.gz,346717730,38255,9d1663803933f561f0068da8d424e7cf2271388494de31d5db50e293cd84ce86,1,2026-08-01T08:24:37Z
pepperstone.com,https://pepperstone.com/zh-au/analysis/navigating-markets/crypto/,crawl-data/CC-MAIN-2026-25/segments/1780687572356.36/warc/CC-MAIN-20260608042447-20260608072447-00301.warc.gz,376555376,39095,a9844c7adb771f944afadf45af026fa93d9b75530debe83ece54f9c8f598c3f0,1,2026-08-01T08:24:37Z
pepperstone.com,https://pepperstone.com/zh-au/analysis/navigating-markets/equities/,crawl-data/CC-MAIN-2026-25/segments/1780687572493.93/warc/CC-MAIN-20260609201214-20260609231214-00979.warc.gz,363336822,38188,be830996283fd2b311260a23bf9962151ca446e12c3279bdd40325b4bab2d26f,1,2026-08-01T08:24:37Z
pepperstone.com,https://pepperstone.com/zh-au/analysis/navigating-markets/financial-events/us-election/,crawl-data/CC-MAIN-2026-25/segments/1780687572356.36/warc/CC-MAIN-20260608042447-20260608072447-00016.warc.gz,354540572,54175,27b5b151c7cbc68e5b820428335978fdbd3314ca8b29051f456e025dfb5c822e,1,2026-08-01T08:24:37Z
pepperstone.com,https://pepperstone.com/zh-au/analysis/navigating-markets/gbpusd/,crawl-data/CC-MAIN-2026-25/segments/1780687573103.20/warc/CC-MAIN-20260614123051-20260614153051-00925.warc.gz,315323278,38037,a203e31ff0f72910423c93443539021c7fbb0092bee7818dea5bcf5f5022e1e3,1,2026-08-01T08:24:37Z
pepperstone.com,https://pepperstone.com/zh-au/analysis/navigating-markets/gold-outlook-consolidation-continues-government-reopening-could-be-a-key-catalyst/,crawl-data/CC-MAIN-2026-25/segments/1780687573581.17/warc/CC-MAIN-20260615225029-20260616015029-00252.warc.gz,368297606,49084,1415ae5eaad0611ef79aab29b8f1628a75ae877046b763014aa0c39d8b76149b,1,2026-08-01T08:24:37Z
pepperstone.com,https://pepperstone.com/zh-au/analysis/navigating-markets/gold-outlook-price-breaks-4000-as-tariffs-and-shutdown-boost-safe-haven-demand/,crawl-data/CC-MAIN-2026-25/segments/1780687865091.90/warc/CC-MAIN-20260618040039-20260618070039-00119.warc.gz,350560897,49652,cbb50d713ac666b9c0cedb5d8b24caac845b242ce812d03edf6bfd54abdfde93,1,2026-08-01T08:24:37Z
pepperstone.com,https://pepperstone.com/zh-au/analysis/navigating-markets/gold-outlook-price-challenges-4600-eyes-on-us-cpi-and-retail-sales/,crawl-data/CC-MAIN-2026-25/segments/1780687573310.71/warc/CC-MAIN-20260615071330-20260615101330-00072.warc.gz,355359982,48959,c190c2caf6e4b13ce2296d798c70ce4b3b99e0409dce0fab45bc67196de3dd9e,1,2026-08-01T08:24:37Z
pepperstone.com,https://pepperstone.com/zh-au/analysis/navigating-markets/gold-outlook-price-hovers-around-5000-as-nonfarm-payrolls-and-geopolitics-take-center-stage/,crawl-data/CC-MAIN-2026-25/segments/1780687861791.76/warc/CC-MAIN-20260617030125-20260617060125-00582.warc.gz,361272389,48159,e88e55b5eddc5e93769baa2c6430055241bbc7f1e7ffe825bab928c23f237bfc,1,2026-08-01T08:24:37Z
pepperstone.com,https://pepperstone.com/zh-au/analysis/navigating-markets/gold-outlook-upward-momentum-pauses-fomc-meeting-in-focus/,crawl-data/CC-MAIN-2026-25/segments/1780687572356.36/warc/CC-MAIN-20260608042447-20260608072447-00628.warc.gz,365658211,47972,eea0a4528b13405ae371eac42f409c9b948631aeff18abbed47a7f7de6dda74c,1,2026-08-01T08:24:37Z
pepperstone.com,https://pepperstone.com/zh-au/analysis/navigating-markets/gold-outlook-volatility-spikes-manage-your-risk/,crawl-data/CC-MAIN-2026-25/segments/1780687572410.96/warc/CC-MAIN-20260608133404-20260608163404-00698.warc.gz,374350647,49961,80a8ea1b9705791df6675eddd214d2f03564457ad18e0266659c5ed605d58ee9,1,2026-08-01T08:24:37Z
pepperstone.com,https://pepperstone.com/zh-au/analysis/navigating-markets/how-to-trade-china-in-2026-focus-on-policy-guidance-and-sector-divergence/,crawl-data/CC-MAIN-2026-25/segments/1780687573581.17/warc/CC-MAIN-20260615225029-20260616015029-00919.warc.gz,347023818,50807,ba9bce7f1154ea0ed2f1cdb0b6fb295189a3b1c8de9a1c47d5d818be69a05e95,1,2026-08-01T08:24:37Z
pepperstone.com,https://pepperstone.com/zh-au/analysis/navigating-markets/nas100/,crawl-data/CC-MAIN-2026-25/segments/1780687857298.70/warc/CC-MAIN-20260616081454-20260616111454-00373.warc.gz,351724982,38367,c55cb1555547cfacab10a5b7ddfd7eaa000b8820843a381499d5d34ff91cf8db,1,2026-08-01T08:24:37Z
pepperstone.com,https://pepperstone.com/zh-au/analysis/navigating-markets/nvidia/,crawl-data/CC-MAIN-2026-25/segments/1780687573581.17/warc/CC-MAIN-20260615225029-20260616015029-00971.warc.gz,340106065,38324,fe247021c2c89a69f57829c2de419b2a6b95716925d3b0847a6a68d296d9b698,1,2026-08-01T08:24:37Z
pepperstone.com,https://pepperstone.com/zh-au/analysis/navigating-markets/stocks/,crawl-data/CC-MAIN-2026-25/segments/1780687861610.98/warc/CC-MAIN-20260616235429-20260617025429-00593.warc.gz,330457595,38253,cbf0680b40ba1d4bf2e221c0f57c09ed788fdb1fe0b01cee0d6b50d2634e1692,1,2026-08-01T08:24:37Z
pepperstone.com,https://pepperstone.com/zh-au/analysis/navigating-markets/usd/,crawl-data/CC-MAIN-2026-25/segments/1780687573310.71/warc/CC-MAIN-20260615071330-20260615101330-00282.warc.gz,334079748,39124,a8f19781827ef22ec69846a62fa9f3d4f3af98991ffb72e1ce64c95e87e84cdc,1,2026-08-01T08:24:37Z
pepperstone.com,https://pepperstone.com/zh-au/analysis/navigating-markets/usdjpy-nears-160-intervention-or-rate-hike-may-provide-short-term-relief-but-wage-growth-is-key/,crawl-data/CC-MAIN-2026-25/segments/1780687572755.62/warc/CC-MAIN-20260612102657-20260612132657-00226.warc.gz,333941127,49006,d64221d4da0a6c1e5ca70cc351d709a0f463c53a6a8a29fa0a51359833bea1b8,1,2026-08-01T08:24:37Z
pepperstone.com,https://pepperstone.com/zh-au/analysis/navigating-markets/when-will-gold-reach-5000-three-key-factors-to-watch/,crawl-data/CC-MAIN-2026-25/segments/1780687861610.98/warc/CC-MAIN-20260616235429-20260617025429-00064.warc.gz,312492651,48006,fc1d0cac897ba772041d35a3ec14aa5bcecec434441dbd406d6821813a34bfc7,1,2026-08-01T08:24:37Z
pepperstone.com,https://pepperstone.com/zh-au/analysis/netflix/,crawl-data/CC-MAIN-2026-25/segments/1780687572320.30/warc/CC-MAIN-20260607101131-20260607131131-00939.warc.gz,355409044,38039,bdc5f4f57e24ca986c09c6f7b3cf5a71232ea009119c209d299e1fe0e7cc2793,1,2026-08-01T08:24:37Z
pepperstone.com,https://pepperstone.com/zh-au/analysis/us-earnings/,crawl-data/CC-MAIN-2026-25/segments/1780687572356.36/warc/CC-MAIN-20260608042447-20260608072447-00845.warc.gz,372664637,38115,8447603e93fc97d0c7f734c4da9ea976fb2abe90d42329c3d070bfb29d891edc,1,2026-08-01T08:24:37Z
pepperstone.com,https://pepperstone.com/zh-au/analysis/us-presidential-election/,crawl-data/CC-MAIN-2026-25/segments/1780687572755.62/warc/CC-MAIN-20260612102657-20260612132657-00622.warc.gz,358848248,38163,25540e28d71a9166596031d438ae07645a0c6d512e77b1238c2a8126902fdc4d,1,2026-08-01T08:24:37Z
pepperstone.com,https://pepperstone.com/zh-au/analysis/us500/,crawl-data/CC-MAIN-2026-25/segments/1780687861791.76/warc/CC-MAIN-20260617030125-20260617060125-00038.warc.gz,339656765,39230,e1a31e5ee0680ba4591622d6a44077a5b84095d0d6e3157c060c015389fb79f1,1,2026-08-01T08:24:37Z
rock-west.com,https://www.rock-west.com/zh/blank-1,crawl-data/CC-MAIN-2026-25/segments/1780687572877.37/warc/CC-MAIN-20260613112816-20260613142816-00467.warc.gz,794711409,162842,85a82ef48997b98f15c47717e26e2ea591a12602c66bee4e915d55a3b3b6ed38,2,2026-08-01T08:24:37Z
rock-west.com,https://www.rock-west.com/zh/crypto,crawl-data/CC-MAIN-2026-25/segments/1780687572877.37/warc/CC-MAIN-20260613112816-20260613142816-00910.warc.gz,772893849,171938,d28c9ed7b7c9f7c77c3ae237fbebb9d3dce7f4372f683a8a89bbf096789040ec,2,2026-08-01T08:24:37Z
rock-west.com,https://www.rock-west.com/zh/energy,crawl-data/CC-MAIN-2026-25/segments/1780687572877.37/warc/CC-MAIN-20260613112816-20260613142816-00837.warc.gz,809431284,169221,c33c6a941763c6a9e4b000dcbb5ef80de4cfc947485e812d008f81e31b916245,2,2026-08-01T08:24:37Z
rock-west.com,https://www.rock-west.com/zh/fortuneseason,crawl-data/CC-MAIN-2026-25/segments/1780687572135.55/warc/CC-MAIN-20260606095603-20260606125603-00271.warc.gz,798182901,184059,433270562424ca803ea7859781520323c84783accbf8ea17d7607291f8a7fe8f,2,2026-08-01T08:24:37Z
rock-west.com,https://www.rock-west.com/zh/infocentre/categories/dealing-12,crawl-data/CC-MAIN-2026-25/segments/1780687572135.55/warc/CC-MAIN-20260606095603-20260606125603-00090.warc.gz,807067934,169988,ec2ae0b4d812a9f6db1f37190f2f96b962fffc9708cf1b7c54792f4f67795c3d,2,2026-08-01T08:24:37Z
rock-west.com,https://www.rock-west.com/zh/infocentre/categories/news-12,crawl-data/CC-MAIN-2026-25/segments/1780687572877.37/warc/CC-MAIN-20260613112816-20260613142816-00033.warc.gz,782339932,169788,88d4171dc667314a64b280bddda81ff45dea47e5c96441b94562ce834a1f0031,2,2026-08-01T08:24:37Z
rock-west.com,https://www.rock-west.com/zh/infocentre/categories/partnership-12,crawl-data/CC-MAIN-2026-25/segments/1780687572877.37/warc/CC-MAIN-20260613112816-20260613142816-00396.warc.gz,775013780,169794,0da3f621e50a73978c421fd5a7fdd661ed9f4133eb93c022d62b788908b8affe,2,2026-08-01T08:24:37Z
rock-west.com,https://www.rock-west.com/zh/infocentre/categories/press-releases-12,crawl-data/CC-MAIN-2026-25/segments/1780687572135.55/warc/CC-MAIN-20260606095603-20260606125603-00374.warc.gz,752174432,169998,9a17ceb9485694ee39b271a533d31f5071c1b969e21e9d768bd61c4ea10cfb99,2,2026-08-01T08:24:37Z
rock-west.com,https://www.rock-west.com/zh/infocentre/categories/registration-verification-12,crawl-data/CC-MAIN-2026-25/segments/1780687572877.37/warc/CC-MAIN-20260613112816-20260613142816-00065.warc.gz,859843830,169754,7a33c82cbf876c48e078f5d0f87f9ae52f04a0850c7205939a3806980911a325,2,2026-08-01T08:24:37Z
rock-west.com,https://www.rock-west.com/zh/infocentre/categories/rock-west-accounts-12,crawl-data/CC-MAIN-2026-25/segments/1780687572877.37/warc/CC-MAIN-20260613112816-20260613142816-00728.warc.gz,802484221,169795,d23587966af7dcc6ad750c763595108ac62c7b2aabdf72c377619f603389cb40,2,2026-08-01T08:24:37Z
rock-west.com,https://www.rock-west.com/zh/legal,crawl-data/CC-MAIN-2026-25/segments/1780687572877.37/warc/CC-MAIN-20260613112816-20260613142816-00764.warc.gz,792727627,168105,5c8f1876bf01e03d5566fe4c46360b4fbe74d55b2d6382034e39d73ffd6ed71b,2,2026-08-01T08:24:37Z
rock-west.com,https://www.rock-west.com/zh/meeting,crawl-data/CC-MAIN-2026-25/segments/1780687572135.55/warc/CC-MAIN-20260606095603-20260606125603-00286.warc.gz,783511419,160929,8846c4448e32a48dee25b133c4bfb9697439c0ac50f19eee69a0a0c2e2734339,2,2026-08-01T08:24:37Z
rock-west.com,https://www.rock-west.com/zh/mt5app,crawl-data/CC-MAIN-2026-25/segments/1780687572877.37/warc/CC-MAIN-20260613112816-20260613142816-00136.warc.gz,833733492,168697,f7a1c39443f3cdea644dfa215dac5e187ae99c57920a0ec3d28b718a00d74f29,2,2026-08-01T08:24:37Z
t4trade.com,https://partners.t4trade.com/zh/,crawl-data/CC-MAIN-2026-25/segments/1780687572683.28/warc/CC-MAIN-20260612010232-20260612040232-00166.warc.gz,360962159,25848,953ec10ff3be23e165b2f88514129649479d06ae7a69da6d475cf18475109a07,4,2026-08-01T08:24:37Z
t4trade.com,https://partners.t4trade.com/zh/affiliates/,crawl-data/CC-MAIN-2026-25/segments/1780687572683.28/warc/CC-MAIN-20260612010232-20260612040232-00683.warc.gz,356738424,25888,03c267df9fb6507fad1cea3f70702f53c744262e07f766f618b5412ef8cf8532,4,2026-08-01T08:24:37Z
t4trade.com,https://partners.t4trade.com/zh/introducing-brokers/,crawl-data/CC-MAIN-2026-25/segments/1780687572683.28/warc/CC-MAIN-20260612010232-20260612040232-00460.warc.gz,351125762,28628,86dfb975eb3907a1a98c60326df6daf638980cf9a661136655fdf75042a44c7e,4,2026-08-01T08:24:37Z
tradequo.com,https://tradequo.com/zh/company/business,crawl-data/CC-MAIN-2026-25/segments/1780687859863.64/warc/CC-MAIN-20260616142957-20260616172957-00382.warc.gz,448553798,116528,703fdf26a2a511ae8f552bd45701b790c5f1c14b5247415bf5ee81f50a8acf53,5,2026-08-01T08:24:37Z
tradequo.com,https://tradequo.com/zh/company/faq,crawl-data/CC-MAIN-2026-25/segments/1780687859863.64/warc/CC-MAIN-20260616142957-20260616172957-00448.warc.gz,461536982,126863,f45064c6fcd99e282435b4efabb3523ca122a0214ffabc2805992992faca9bef,6,2026-08-01T08:24:37Z
tradequo.com,https://tradequo.com/zh/learn/investing-101,crawl-data/CC-MAIN-2026-25/segments/1780687859863.64/warc/CC-MAIN-20260616142957-20260616172957-00827.warc.gz,456570634,97929,7a4a7a10172482018e14f9bd80f4d918e1d2015ba47ae3ff724c2731154cdd84,5,2026-08-01T08:24:37Z
tradequo.com,https://tradequo.com/zh/markets/energies,crawl-data/CC-MAIN-2026-25/segments/1780687859863.64/warc/CC-MAIN-20260616142957-20260616172957-00650.warc.gz,472755508,128042,4218c6dfb6fb597d073d812860c20d7bded1c4bfd897df06d1b2e931cb68e98d,5,2026-08-01T08:24:37Z
tradequo.com,https://tradequo.com/zh/markets/stocks,crawl-data/CC-MAIN-2026-25/segments/1780687859863.64/warc/CC-MAIN-20260616142957-20260616172957-00657.warc.gz,493696782,128059,826c69a222d9ba0a05c6f605cb826a6bd7b4abc03ade143ccdb284e1ae12c3ca,5,2026-08-01T08:24:37Z
tradewill.com,https://www.tradewill.com/zh_hk/download/guide,crawl-data/CC-MAIN-2026-25/segments/1780687572537.33/warc/CC-MAIN-20260610052232-20260610082232-00093.warc.gz,882028962,130899,1540bb3bdfb32b2f129f3ee6882030dc4637526c6571076698e0fc14566920d8,3,2026-08-01T08:24:37Z
tradewill.com,https://tradewill.com/zh_hk/forex,crawl-data/CC-MAIN-2026-25/segments/1780687573281.47/warc/CC-MAIN-20260615005945-20260615035945-00339.warc.gz,448856694,129097,b392a2127274e702d27fbde2efbd663e4f4b01a0568c3c4303ffd0176fb68e69,3,2026-08-01T08:24:37Z
tradewill.com,https://tradewill.com/zh_hk/home/market,crawl-data/CC-MAIN-2026-25/segments/1780687573281.47/warc/CC-MAIN-20260615005945-20260615035945-00491.warc.gz,454981256,128723,4f88457db513c8843f025ee6cee866da4e3ee08f214382c083624a4dfab6515c,3,2026-08-01T08:24:37Z
tradewill.com,https://tradewill.com/zh_hk/media,crawl-data/CC-MAIN-2026-25/segments/1780687573281.47/warc/CC-MAIN-20260615005945-20260615035945-00723.warc.gz,495146713,128107,d5104905da82793e7f9bb6ec68b891c1910cb70643af5eb2c94b73f1483b3220,3,2026-08-01T08:24:37Z
trive.com,https://www.trive.com/int-tw/open-account?create-contract,crawl-data/CC-MAIN-2026-25/segments/1780687573310.71/warc/CC-MAIN-20260615071330-20260615101330-00267.warc.gz,893581577,23455,683685383f28a0a63c4443a57d6d230298691a39ba0a9fa3eea6f6e722ef82a0,1,2026-08-01T08:24:37Z
windsorbrokers.com,https://windsorbrokers.com/zh-hans/company/contact/,crawl-data/CC-MAIN-2026-25/segments/1780687572521.56/warc/CC-MAIN-20260609231516-20260610021516-00691.warc.gz,457380939,100269,96c9ce757e0a29b4f1fc2dfd9df0d529028df4676e1737387dee0c21cac282c8,3,2026-08-01T08:24:37Z
windsorbrokers.com,https://windsorbrokers.com/zh-hans/company/partners/,crawl-data/CC-MAIN-2026-25/segments/1780687572521.56/warc/CC-MAIN-20260609231516-20260610021516-00392.warc.gz,483085794,232641,9502618c1e374e5ee9cbc71844efc895bc7f8480dfd3b9b1a309c5d1034fd74d,3,2026-08-01T08:24:37Z
windsorbrokers.com,https://windsorbrokers.com/zh-hans/knowledge-base/deposits-withdrawals/%E5%A6%82%E4%BD%95%E7%94%A8webmoney%E5%85%A5%E9%87%91%EF%BC%9F/,crawl-data/CC-MAIN-2026-25/segments/1780687572521.56/warc/CC-MAIN-20260609231516-20260610021516-00458.warc.gz,464222506,133581,f0b3a2b4961cabc0afca30bd7ca80c814f947c2c1fa88921cfe39b9706f4c474,5,2026-08-01T08:24:37Z
windsorbrokers.com,https://windsorbrokers.com/zh-hans/knowledge-base/deposits-withdrawals/%E5%A6%82%E4%BD%95%E7%94%B5%E6%B1%87%E5%85%A5%E9%87%91%EF%BC%9F/,crawl-data/CC-MAIN-2026-25/segments/1780687572521.56/warc/CC-MAIN-20260609231516-20260610021516-00330.warc.gz,472254181,133337,987694b4f6e2345b6fcba09af7bb1c0fed616f0ff408663f46efa9784115f701,5,2026-08-01T08:24:37Z
windsorbrokers.com,https://windsorbrokers.com/zh-hans/knowledge-base/loyalty-rewards/%E5%A6%82%E4%BD%95%E6%93%8D%E4%BD%9C%E4%BC%9A%E5%91%98%E7%A7%AF%E5%88%86%E8%AE%A1%E5%88%92%E6%B4%BB%E5%8A%A8%EF%BC%9F/,crawl-data/CC-MAIN-2026-25/segments/1780687573077.44/warc/CC-MAIN-20260614061428-20260614091428-00603.warc.gz,486743645,133903,61b71ee38bdbe157070a544fe1edaeacd30fd589b5cc9285eb63fde5cf45c9ac,5,2026-08-01T08:24:37Z
windsorbrokers.com,https://windsorbrokers.com/zh-hans/knowledge-base/loyalty-rewards/%E6%88%91%E7%9A%84%E7%AD%89%E7%BA%A7%E4%BD%95%E6%97%B6%E4%BC%9A%E5%8F%91%E7%94%9F%E5%8F%98%E5%8C%96%EF%BC%9F/,crawl-data/CC-MAIN-2026-25/segments/1780687573077.44/warc/CC-MAIN-20260614061428-20260614091428-00512.warc.gz,523839765,133477,da05214f27fe4a64aa5eea9023742c20925817c6d98bad8580e471e423d57b0d,5,2026-08-01T08:24:37Z
windsorbrokers.com,https://windsorbrokers.com/zh-hans/knowledge-base/loyalty-rewards/%E6%AF%8F%E6%97%A5%E5%88%A9%E6%81%AF%E6%98%AF%E5%A6%82%E4%BD%95%E8%AE%A1%E7%AE%97%E7%9A%84%EF%BC%9F/,crawl-data/CC-MAIN-2026-25/segments/1780687573077.44/warc/CC-MAIN-20260614061428-20260614091428-00724.warc.gz,487563669,133542,517049327efcdc177c141dd5f7370412591bf3f7dd3549ec9418d6b760922f27,5,2026-08-01T08:24:37Z
windsorbrokers.com,https://windsorbrokers.com/zh-hans/knowledge-base/opening-managing-account/%E4%B8%8A%E4%BC%A0%E7%9A%84%E6%96%87%E4%BB%B6%E6%9C%89%E5%93%AA%E4%BA%9B%E8%A6%81%E6%B1%82/,crawl-data/CC-MAIN-2026-25/segments/1780687573077.44/warc/CC-MAIN-20260614061428-20260614091428-00847.warc.gz,486219912,133496,e7b8a9c666cbae96f5a2525074a77491df10f4e11baa4ec88f1da0461c727d52,5,2026-08-01T08:24:37Z
windsorbrokers.com,https://windsorbrokers.com/zh-hans/knowledge-base/opening-managing-account/%E6%88%91%E5%8F%AF%E4%BB%A5%E4%BD%BF%E7%94%A8%E4%BB%80%E4%B9%88%E5%9F%BA%E6%9C%AC%E8%B4%A7%E5%B8%81%E5%BC%80%E6%88%B7%EF%BC%9F/,crawl-data/CC-MAIN-2026-25/segments/1780687572521.56/warc/CC-MAIN-20260609231516-20260610021516-00468.warc.gz,513772920,133736,a9de0b08576d923fc2529f78aeefa45ec6264c40a0e7d8f28a5b20d6a9b62f5a,5,2026-08-01T08:24:37Z
windsorbrokers.com,https://windsorbrokers.com/zh-hans/knowledge-base/opening-managing-account/%E6%88%91%E5%8F%AF%E4%BB%A5%E5%BC%80%E8%AE%BE%E5%A4%9A%E4%B8%AA%E8%B4%A6%E6%88%B7%E5%90%97%EF%BC%9F/,crawl-data/CC-MAIN-2026-25/segments/1780687573077.44/warc/CC-MAIN-20260614061428-20260614091428-00091.warc.gz,496037510,133573,08c61920c112b167c99b028a85506021f4e8210fbb65d56f8a669d37b69ec3ce,5,2026-08-01T08:24:37Z
windsorbrokers.com,https://windsorbrokers.com/zh-hans/knowledge-base/promotion/%E4%B8%BA%E4%BB%80%E4%B9%88%E6%88%91%E7%9A%84%E5%B8%90%E6%88%B7%E5%9C%A8%E9%97%A8%E6%88%B7%E7%BD%91%E7%AB%99%E4%B8%8A%E4%BB%8D%E5%A4%84%E4%BA%8E%E5%BE%85%E5%A4%84%E7%90%86%E7%8A%B6/,crawl-data/CC-MAIN-2026-25/segments/1780687573077.44/warc/CC-MAIN-20260614061428-20260614091428-00386.warc.gz,469956265,134105,d2d67f1ff26a072bcd4764ea4f62294d1cc139454d29f53ccdcbc6872c7f96a2,5,2026-08-01T08:24:37Z
windsorbrokers.com,https://windsorbrokers.com/zh-hans/knowledge-base/promotion/%E4%BC%9A%E5%91%98%E6%B4%BB%E5%8A%A8%E6%98%AF%E6%80%8E%E6%A0%B7%E7%9A%84%EF%BC%9F/,crawl-data/CC-MAIN-2026-25/segments/1780687573077.44/warc/CC-MAIN-20260614061428-20260614091428-00868.warc.gz,493904682,133631,b7e96969ea4c6814fc7a95b7c78665e55da9307b7a2767ed833784b254f0f444,5,2026-08-01T08:24:37Z
windsorbrokers.com,https://windsorbrokers.com/zh-hans/knowledge-base/promotion/%E5%87%BA%E9%87%91%E9%9C%80%E8%A6%81%E5%A4%9A%E4%B9%85%EF%BC%9F/,crawl-data/CC-MAIN-2026-25/segments/1780687572521.56/warc/CC-MAIN-20260609231516-20260610021516-00496.warc.gz,447244379,133735,3ebd9ca12b93a4ac75590fbc40ce7838facc62875cc8228bddf21c2e7a316bcb,5,2026-08-01T08:24:37Z
windsorbrokers.com,https://windsorbrokers.com/zh-hans/knowledge-base/trading/,crawl-data/CC-MAIN-2026-25/segments/1780687572521.56/warc/CC-MAIN-20260609231516-20260610021516-00643.warc.gz,489876626,137962,3b7ead3e6d1c0fb5cdf525d871bd1751b781ee7279d4893987d0728350a1723a,5,2026-08-01T08:24:37Z
windsorbrokers.com,https://windsorbrokers.com/zh-hans/knowledge-base/trading-platform/,crawl-data/CC-MAIN-2026-25/segments/1780687572521.56/warc/CC-MAIN-20260609231516-20260610021516-00779.warc.gz,468532225,135169,f4b1432df9877d4d05a34f2b5ef362e5aec657cbedb320c7ce435b6aabdc85c8,5,2026-08-01T08:24:37Z
windsorbrokers.com,https://windsorbrokers.com/zh-hans/knowledge-base/trading-platform/%E5%A6%82%E4%BD%95%E5%9C%A8mt4%E4%B8%8A%E6%9F%A5%E7%9C%8B%E6%96%B0%E9%97%BB%EF%BC%9F/,crawl-data/CC-MAIN-2026-25/segments/1780687572521.56/warc/CC-MAIN-20260609231516-20260610021516-00424.warc.gz,490828325,133667,7bb523093c695c3971f7a1d2cdce2875c42d1edd93b98f6c91bfbf9b7f7e8c4d,5,2026-08-01T08:24:37Z
windsorbrokers.com,https://windsorbrokers.com/zh-hans/knowledge-base/trading-platform/%E5%A6%82%E4%BD%95%E5%9C%A8mt5%E4%B8%8A%E4%BD%BF%E7%94%A8%E7%BB%8F%E6%B5%8E%E6%97%A5%E5%8E%86%EF%BC%9F/,crawl-data/CC-MAIN-2026-25/segments/1780687572521.56/warc/CC-MAIN-20260609231516-20260610021516-00075.warc.gz,492436751,133973,06844c64f05fe0d012115c386327001cdbfba236b52ea7a97bf88886585d99fe,5,2026-08-01T08:24:37Z
windsorbrokers.com,https://windsorbrokers.com/zh-hans/knowledge-base/trading-platform/%E5%A6%82%E4%BD%95%E5%9C%A8mt5%E5%B9%B3%E5%8F%B0%E4%B8%8A%E4%BD%BF%E7%94%A8%E4%B8%93%E5%AE%B6%E9%A1%BE%E9%97%AE%EF%BC%88eas%EF%BC%89%EF%BC%9F/,crawl-data/CC-MAIN-2026-25/segments/1780687572521.56/warc/CC-MAIN-20260609231516-20260610021516-00478.warc.gz,492151644,134180,0a77f39b1a6f4198d0ca220952862fda59da57a66536e361d0119985cc9aa895,5,2026-08-01T08:24:37Z
windsorbrokers.com,https://windsorbrokers.com/zh-hans/knowledge-base/trading-platform/%E5%A6%82%E4%BD%95%E5%9C%A8mt5%E5%B9%B3%E5%8F%B0%E4%B8%8A%E8%AE%BE%E7%BD%AE%E6%8C%82%E5%8D%95%EF%BC%9F/,crawl-data/CC-MAIN-2026-25/segments/1780687572521.56/warc/CC-MAIN-20260609231516-20260610021516-00813.warc.gz,484840437,133596,e606726a4a0678c88b21960bf61cede699c2fac6216972c456e52893a90a1ea4,5,2026-08-01T08:24:37Z
windsorbrokers.com,https://windsorbrokers.com/zh-hans/knowledge-base/trading-platform/%E5%A6%82%E4%BD%95%E5%B0%86mt5%E6%9B%B4%E6%96%B0%E5%88%B0%E6%9C%80%E6%96%B0%E7%89%88%E6%9C%AC%EF%BC%9F/,crawl-data/CC-MAIN-2026-25/segments/1780687572521.56/warc/CC-MAIN-20260609231516-20260610021516-00147.warc.gz,463620970,133715,4764b55a3e3249a3c111deee6f775c9ea47bfb5546b13b7ec1c0614fedc37564,5,2026-08-01T08:24:37Z
windsorbrokers.com,https://windsorbrokers.com/zh-hans/knowledge-base/trading-platform/%E6%88%91%E5%A6%82%E4%BD%95%E5%8F%96%E6%B6%88%E6%88%91%E7%9A%84%E5%87%BA%E9%87%91%E7%94%B3%E8%AF%B7%EF%BC%9F/,crawl-data/CC-MAIN-2026-25/segments/1780687573077.44/warc/CC-MAIN-20260614061428-20260614091428-00255.warc.gz,529280009,133637,9c3115d65c251e99bf7b60acb024e0abc2252e47be85ff7319428b0d4ad8b4fa,5,2026-08-01T08:24:37Z
windsorbrokers.com,https://windsorbrokers.com/zh-hans/knowledge-base/trading-platform/mt5-%E6%8F%90%E4%BE%9B%E5%93%AA%E4%BA%9B%E6%8C%87%E6%A0%87%EF%BC%9F/,crawl-data/CC-MAIN-2026-25/segments/1780687573077.44/warc/CC-MAIN-20260614061428-20260614091428-00449.warc.gz,487168557,133994,85277a72175312fa012f8d5ee4be897c56d7c26bda42fd60117ab114a9b83eee,5,2026-08-01T08:24:37Z
windsorbrokers.com,https://windsorbrokers.com/zh-hans/knowledge-base/trading/%E4%BB%80%E4%B9%88%E6%98%AF%E6%AD%A2%E6%8D%9F%E4%BB%B7%E4%BD%8D%EF%BC%9F/,crawl-data/CC-MAIN-2026-25/segments/1780687573077.44/warc/CC-MAIN-20260614061428-20260614091428-00541.warc.gz,492848282,133581,6a4bf02572bc518e2997a1ded68dec1c0c58dfc0c77cbac6dddf3af7f2ebec9a,5,2026-08-01T08:24:37Z
windsorbrokers.com,https://windsorbrokers.com/zh-hans/knowledge-base/trading/%E5%A6%82%E6%9E%9C%E5%BD%93%E5%89%8Dcfd%E5%B7%A5%E5%85%B7%E5%90%88%E5%90%8C%E5%88%B0%E6%9C%9F%E5%90%8E%E4%BC%9A%E6%80%8E%E6%A0%B7%EF%BC%9F/,crawl-data/CC-MAIN-2026-25/segments/1780687572521.56/warc/CC-MAIN-20260609231516-20260610021516-00521.warc.gz,488472411,133789,64f0c185abebf1b421681ec8ed13f82a1fb2c5705337cd2780fb05a15c5a040d,5,2026-08-01T08:24:37Z
windsorbrokers.com,https://windsorbrokers.com/zh-hans/knowledge-base/trading/%E5%B8%82%E5%9C%BA-%E4%BA%A4%E6%98%93%E6%97%B6%E9%97%B4%E6%98%AF%E4%BB%80%E4%B9%88%EF%BC%9F/,crawl-data/CC-MAIN-2026-25/segments/1780687573077.44/warc/CC-MAIN-20260614061428-20260614091428-00183.warc.gz,530020929,133684,4e4d9254ffad80ce0a7793d21331be8c85b044cd8b6304c9441ab97ffdba92b5,5,2026-08-01T08:24:37Z
windsorbrokers.com,https://windsorbrokers.com/zh-hans/knowledge-base/trading/%E6%9C%80%E4%BD%8E%E7%82%B9%E5%B7%AE%E6%98%AF%E5%A4%9A%E5%B0%91%EF%BC%9F/,crawl-data/CC-MAIN-2026-25/segments/1780687572521.56/warc/CC-MAIN-20260609231516-20260610021516-00888.warc.gz,532287097,133758,edfbfc1a9e1d93a7d271aa4f0ebffdd975a49add8803784d70813ccbc9129b0b,5,2026-08-01T08:24:37Z
windsorbrokers.com,https://windsorbrokers.com/zh-hans/knowledge-base/trading/%E6%9C%9F%E8%B4%A7%E4%BA%A7%E5%93%81%E4%BB%80%E4%B9%88%E6%97%B6%E9%97%B4%E8%BF%9B%E8%A1%8C%E4%BA%A4%E5%89%B2%EF%BC%9F/,crawl-data/CC-MAIN-2026-25/segments/1780687572521.56/warc/CC-MAIN-20260609231516-20260610021516-00144.warc.gz,496667228,133748,9a68fbfed39268defd33491c8745d2508d8960dc3a112fa2239dcd0ed84a4b37,5,2026-08-01T08:24:37Z
windsorbrokers.com,https://windsorbrokers.com/zh-hans/knowledge-base/trading/%E9%87%91%E8%9E%8D%E4%BA%A7%E5%93%81%E7%9A%84%E5%88%B0%E6%9C%9F%E6%97%A5%E6%98%AF%E4%BB%80%E4%B9%88%E6%97%B6%E5%80%99%EF%BC%9F/,crawl-data/CC-MAIN-2026-25/segments/1780687573077.44/warc/CC-MAIN-20260614061428-20260614091428-00214.warc.gz,451650616,133887,2e0832f7abbb823cc15a2640abd9513fd076d40695cd3df863ff7c76a3c43199,5,2026-08-01T08:24:37Z
windsorbrokers.com,https://windsorbrokers.com/zh-hans/knowledge-base/wb-copy-trading/%E6%88%91%E5%A6%82%E4%BD%95%E5%9C%A8%E8%AF%84%E7%BA%A7%E9%A1%B5%E9%9D%A2%E4%B8%8A%E8%8E%B7%E5%BE%97%E6%8E%A8%E8%8D%90%EF%BC%9F/,crawl-data/CC-MAIN-2026-25/segments/1780687572521.56/warc/CC-MAIN-20260609231516-20260610021516-00876.warc.gz,463898384,133913,0a3330120480edc47b86abd60c75c551abfc22e5983e971f3ed7c84129fb9466,5,2026-08-01T08:24:37Z
windsorbrokers.com,https://windsorbrokers.com/zh-hans/products/commodities/,crawl-data/CC-MAIN-2026-25/segments/1780687572521.56/warc/CC-MAIN-20260609231516-20260610021516-00725.warc.gz,504391332,138118,db0f31e440c11bf2d008d209a5258273ba3b912f623fcd6bab24f8f431cc696d,4,2026-08-01T08:24:37Z
windsorbrokers.com,https://windsorbrokers.com/zh-hans/products/earn/loyalty-programme/,crawl-data/CC-MAIN-2026-25/segments/1780687573077.44/warc/CC-MAIN-20260614061428-20260614091428-00880.warc.gz,511189423,114887,612118fbed6bcea0ad04926e6eca91dd251b701d2aa05b1d81bee7e16068eff7,3,2026-08-01T08:24:37Z
windsorbrokers.com,https://windsorbrokers.com/zh-hans/products/earn/wb-interest-rate-apy/,crawl-data/CC-MAIN-2026-25/segments/1780687573077.44/warc/CC-MAIN-20260614061428-20260614091428-00307.warc.gz,530177363,110199,995a05c673b209cc9817b2b5cb6b3778a176ffa5de24b8774655172c1e9d1e66,3,2026-08-01T08:24:37Z
windsorbrokers.com,https://windsorbrokers.com/zh-hans/products/indices/,crawl-data/CC-MAIN-2026-25/segments/1780687572521.56/warc/CC-MAIN-20260609231516-20260610021516-00633.warc.gz,515178022,140684,a6aa702732045c052d797b36621a83a930c4acf5547ba8f94b9cf903e8df70c2,5,2026-08-01T08:24:37Z
windsorbrokers.com,https://windsorbrokers.com/zh-hans/products/shares/,crawl-data/CC-MAIN-2026-25/segments/1780687573077.44/warc/CC-MAIN-20260614061428-20260614091428-00234.warc.gz,471232544,138350,f13a20f4c6fe33b5025ed3ee76072cc7681240c682b6cdf84204e37e443da806,4,2026-08-01T08:24:37Z
windsorbrokers.com,https://windsorbrokers.com/zh-hans/products/trading-with-wb/account-types/,crawl-data/CC-MAIN-2026-25/segments/1780687573077.44/warc/CC-MAIN-20260614061428-20260614091428-00752.warc.gz,475124915,137509,de2887a0cf4a08e5990566e55982ce119e356d8b3c5a6950b9b43e6cb303dee1,3,2026-08-01T08:24:37Z
windsorbrokers.com,https://windsorbrokers.com/zh-hans/products/trading-with-wb/deposits-withdrawals/,crawl-data/CC-MAIN-2026-25/segments/1780687573077.44/warc/CC-MAIN-20260614061428-20260614091428-00567.warc.gz,522388465,112759,05308a5e1e38024b9cff43108901bb26ef63dad6216208e5aaa8c9bcccff03f6,3,2026-08-01T08:24:37Z
windsorbrokers.com,https://windsorbrokers.com/zh-hans/products/trading-with-wb/promotions/,crawl-data/CC-MAIN-2026-25/segments/1780687572521.56/warc/CC-MAIN-20260609231516-20260610021516-00941.warc.gz,512930414,98290,8673138c530750f4ff3c782e6a70c4acf4e94dc7ccbdec18b604976918e76540,3,2026-08-01T08:24:37Z
windsorbrokers.com,https://windsorbrokers.com/zh-hans/products/trading-with-wb/trading-conditions/,crawl-data/CC-MAIN-2026-25/segments/1780687572521.56/warc/CC-MAIN-20260609231516-20260610021516-00409.warc.gz,500742583,130651,d0905c6f0ea7265a598082fd1f2caaadb22de055826b046679c5e140f46567e0,3,2026-08-01T08:24:37Z
windsorbrokers.com,https://windsorbrokers.com/zh-hans/tools/,crawl-data/CC-MAIN-2026-25/segments/1780687572521.56/warc/CC-MAIN-20260609231516-20260610021516-00870.warc.gz,488407224,106948,79368276e2c5757c2b180e77e7181c25ecf66328c1e31c00bb66fab4c7233518,3,2026-08-01T08:24:37Z
windsorbrokers.com,https://windsorbrokers.com/zh-hans/tools/education/,crawl-data/CC-MAIN-2026-25/segments/1780687573077.44/warc/CC-MAIN-20260614061428-20260614091428-00781.warc.gz,488738829,103626,906d8130030c1285787150f18c4d555c4f337009e707f2b2925b257c95a0ab6d,3,2026-08-01T08:24:37Z
xm.com,https://www.xm.com/tw/about,crawl-data/CC-MAIN-2026-25/segments/1780687572462.80/warc/CC-MAIN-20260609110030-20260609140030-00641.warc.gz,895766438,92881,af54391416cd006f0ecb2da14b57879bc0be375e4a3a0c3934a7fccc3f69ef3b,2,2026-08-01T08:24:37Z
xm.com,https://www.xm.com/tw/account-types,crawl-data/CC-MAIN-2026-25/segments/1780687572462.80/warc/CC-MAIN-20260609110030-20260609140030-00637.warc.gz,936692643,93272,fd90df85cd1a0484b119d602861d5167926429d601abb22977a8cc04da8b3782,2,2026-08-01T08:24:37Z
xm.com,https://www.xm.com/tw/analytical-tools,crawl-data/CC-MAIN-2026-25/segments/1780687572462.80/warc/CC-MAIN-20260609110030-20260609140030-00666.warc.gz,860033019,96140,6c0fb457d4e00e3d9e5b497dee70870f8c27efdfafcb50023b65d7a875b1b2e6,2,2026-08-01T08:24:37Z
xm.com,https://www.xm.com/tw/learning-center,crawl-data/CC-MAIN-2026-25/segments/1780687573103.20/warc/CC-MAIN-20260614123051-20260614153051-00312.warc.gz,868208857,92405,8588ee86331e7cb1fa64b9d97230afd8458a61da5ea3cb877082900069afd195,2,2026-08-01T08:24:37Z
xm.com,https://www.xm.com/tw/legal-documents,crawl-data/CC-MAIN-2026-25/segments/1780687572462.80/warc/CC-MAIN-20260609110030-20260609140030-00752.warc.gz,912052681,91634,516b8ac5aef8e6d772efcc3111078792371a35511c26e3c7cb5accd093127761,2,2026-08-01T08:24:37Z
xm.com,https://www.xm.com/tw/mt4,crawl-data/CC-MAIN-2026-25/segments/1780687572462.80/warc/CC-MAIN-20260609110030-20260609140030-00961.warc.gz,892864610,94143,551504b4c77ac822932fc5ee0ab06270a51ecf7c041fa36940399f58628475e3,2,2026-08-01T08:24:37Z
xm.com,https://www.xm.com/tw/stocks,crawl-data/CC-MAIN-2026-25/segments/1780687572462.80/warc/CC-MAIN-20260609110030-20260609140030-00489.warc.gz,892369004,98607,085c3ece444ed9cfb3cab8ea0d5bb8729691e26778f818601b4664930d636ac2,2,2026-08-01T08:24:37Z
xm.com,https://www.xm.com/tw/xm-csr,crawl-data/CC-MAIN-2026-25/segments/1780687573103.20/warc/CC-MAIN-20260614123051-20260614153051-00638.warc.gz,902212572,94934,1785a2d89aaef366e527a978f2ad0f88634e0112fd814cc091274eae1026a382,2,2026-08-01T08:24:37Z
xm.com,https://partners.xm.com/cn,crawl-data/CC-MAIN-2026-25/segments/1780687572237.40/warc/CC-MAIN-20260606220434-20260607010434-00063.warc.gz,361593821,79902,e0211e8c744ee6ab6c2e3e4e441b901c9c84918bc8e310f2d47216465bb2c342,3,2026-08-01T08:24:37Z
xs.com,https://www.xs.com/zh-Hans/blog/,crawl-data/CC-MAIN-2026-25/segments/1780687572081.59/warc/CC-MAIN-20260606005016-20260606035016-00057.warc.gz,882663242,33043,06fe3e09240331a2c9f5e0aac0f607d549b087e95475f3736835d0f6459579ef,20,2026-08-01T08:24:37Z
xs.com,https://www.xs.com/zh-Hans/blog/%E6%AD%A2%E6%8D%9F%E5%8D%95/,crawl-data/CC-MAIN-2026-25/segments/1780687572575.51/warc/CC-MAIN-20260610082535-20260610112535-00950.warc.gz,927032206,43442,5769d36e33eff4a081b49acb1b01bff34aac0f422f4a9d5f15d2f0347531a793,20,2026-08-01T08:24:37Z
xs.com,https://www.xs.com/zh-Hans/blog/%E8%83%BD%E9%87%8F%E6%BD%AE/,crawl-data/CC-MAIN-2026-25/segments/1780687572696.53/warc/CC-MAIN-20260612041041-20260612071041-00089.warc.gz,902107461,41470,47171b088dc11900391bde46b58478e4b09eb94b9bbaf0d016ec3b68cb835aac,20,2026-08-01T08:24:37Z
xs.com,https://www.xs.com/zh-Hans/blog/energy/,crawl-data/CC-MAIN-2026-25/segments/1780687572575.51/warc/CC-MAIN-20260610082535-20260610112535-00286.warc.gz,897076254,27350,2cd3959a0aab486860b69a4811dd4b0b54a0e0dfa1c40a59afbdca4250976d61,20,2026-08-01T08:24:37Z
xs.com,https://www.xs.com/zh-Hans/courses/,crawl-data/CC-MAIN-2026-25/segments/1780687866462.92/warc/CC-MAIN-20260618132354-20260618162354-00723.warc.gz,835406386,29608,cf7ed226403aa498687c0d4ac32472d0c85e12a1ab9ccf0fb0dca37820f35009,20,2026-08-01T08:24:37Z
xs.com,https://www.xs.com/zh-Hans/courses/introduction-to-technical-analysis/,crawl-data/CC-MAIN-2026-25/segments/1780687572081.59/warc/CC-MAIN-20260606005016-20260606035016-00761.warc.gz,878514505,26869,42c24253e776a398f850087c0350249e996af4e3540014c562f2bedeab63e4f9,20,2026-08-01T08:24:37Z
xs.com,https://www.xs.com/zh-Hans/currency-converter/currencies/AED/,crawl-data/CC-MAIN-2026-25/segments/1780687866462.92/warc/CC-MAIN-20260618132354-20260618162354-00384.warc.gz,873586818,25999,07160a8fbabefe2851683bd4df2afb25d3567142a5101c85c4fb75a4b41c2b5f,20,2026-08-01T08:24:37Z
xs.com,https://www.xs.com/zh-Hans/currency-converter/currencies/CHF/,crawl-data/CC-MAIN-2026-25/segments/1780687866462.92/warc/CC-MAIN-20260618132354-20260618162354-00911.warc.gz,875076506,26092,d883763af2c45327d3011dbf08d1d7cc723c74a9d69a0d5b12952a2f991bb675,20,2026-08-01T08:24:37Z
xs.com,https://www.xs.com/zh-Hans/currency-converter/currencies/EUR/,crawl-data/CC-MAIN-2026-25/segments/1780687866462.92/warc/CC-MAIN-20260618132354-20260618162354-00358.warc.gz,862445599,26052,f00751bdcf75679dde1468f6f8fd600c4d028b34d0f49dc2dab9cb37fbd6c92f,20,2026-08-01T08:24:37Z
xs.com,https://www.xs.com/zh-Hans/currency-converter/?from=AUD&to=CAD&amount=1,crawl-data/CC-MAIN-2026-25/segments/1780687572696.53/warc/CC-MAIN-20260612041041-20260612071041-00557.warc.gz,878066429,42823,1443253c24da51a8309d1d7ee312c74a807c27fd4d8f793a048a8608beebfa61,20,2026-08-01T08:24:37Z
xs.com,https://www.xs.com/zh-Hans/help-center/account-opening-registration/account-closure/how-can-i-delete-or-close-my-account/,crawl-data/CC-MAIN-2026-25/segments/1780687572343.29/warc/CC-MAIN-20260607221841-20260608011841-00365.warc.gz,902222390,28700,c6a56f00f280c8f60c380b0d7f560859ab7171f7233a730c169ae52bd24ef291,20,2026-08-01T08:24:37Z
xs.com,https://www.xs.com/zh-Hans/help-center/account-opening-registration/account-closure/how-do-i-withdraw-funds-after-closing-my-account/,crawl-data/CC-MAIN-2026-25/segments/1780687572587.61/warc/CC-MAIN-20260610173820-20260610203820-00542.warc.gz,887265672,28505,53915ce4b13ded1d40cee76e38d258b220908bfd1639b149fd25070227f36f83,20,2026-08-01T08:24:37Z
xs.com,https://www.xs.com/zh-Hans/help-center/account-opening-registration/account-closure/what-happens-to-my-trading-history-and-records-after-closing-my-account/,crawl-data/CC-MAIN-2026-25/segments/1780687865088.86/warc/CC-MAIN-20260618005342-20260618035342-00659.warc.gz,908685494,28778,2f56476bf01b6ab517ae8a33bb49fc0ed11f9465c05bbfec76c07e6748672b56,20,2026-08-01T08:24:37Z
xs.com,https://www.xs.com/zh-Hans/help-center/account-opening-registration/account-performance-statements-records/how-can-i-access-my-monthlyannual-statements/,crawl-data/CC-MAIN-2026-25/segments/1780687572343.29/warc/CC-MAIN-20260607221841-20260608011841-00170.warc.gz,882341188,28938,ebb7b5a0598f9d2af193033e847731d0b84a4485994cac8809af5267f3b08f90,20,2026-08-01T08:24:37Z
xs.com,https://www.xs.com/zh-Hans/help-center/account-opening-registration/account-performance-statements-records/how-can-i-track-my-accounts-performance-over-time/,crawl-data/CC-MAIN-2026-25/segments/1780687864556.88/warc/CC-MAIN-20260617214645-20260618004645-00574.warc.gz,914370972,28576,8b0794d2303e62604d125b7f42c09a1823a34d2f2731729e7a4722ad3f5ced53,20,2026-08-01T08:24:37Z
xs.com,https://www.xs.com/zh-Hans/help-center/account-opening-registration/account-performance-statements-records/how-do-i-download-my-account-statements-and-trade-confirmations/,crawl-data/CC-MAIN-2026-25/segments/1780687864556.88/warc/CC-MAIN-20260617214645-20260618004645-00886.warc.gz,917301169,29058,26d464a7790d44c8f85198ace3b67583694f8179a4d623e8ecf48615cadfca6e,20,2026-08-01T08:24:37Z
xs.com,https://www.xs.com/zh-Hans/help-center/account-opening-registration/account-performance-statements-records/how-long-does-xs-keep-my-trading-history-and-records/,crawl-data/CC-MAIN-2026-25/segments/1780687865088.86/warc/CC-MAIN-20260618005342-20260618035342-00625.warc.gz,870615015,28759,49ae4b9764e6725fe457b3142d39cef3e015666d4526c9e9d33c0d8a252b9c8b,20,2026-08-01T08:24:37Z
xs.com,https://www.xs.com/zh-Hans/help-center/account-opening-registration/account-types-eligibility/can-i-change-my-account-type-or-base-currency/,crawl-data/CC-MAIN-2026-25/segments/1780687865473.91/warc/CC-MAIN-20260618070847-20260618100847-00171.warc.gz,855843534,28895,76244bc8141e37b5ddbaace6771ec49f98854a24a00238143bdf094032329566,20,2026-08-01T08:24:37Z
xs.com,https://www.xs.com/zh-Hans/help-center/account-opening-registration/account-types-eligibility/can-i-upgrade-or-downgrade-my-account-type/,crawl-data/CC-MAIN-2026-25/segments/1780687861447.72/warc/CC-MAIN-20260616204618-20260616234618-00951.warc.gz,920109625,28833,7a08c1c1d3814863eabff7cee6b0b621ba36959f1c66547b6beb9c217edfefe8,20,2026-08-01T08:24:37Z
xs.com,https://www.xs.com/zh-Hans/help-center/account-opening-registration/account-types-eligibility/does-xs-offer-swap-free-islamic-accounts/,crawl-data/CC-MAIN-2026-25/segments/1780687572613.18/warc/CC-MAIN-20260611030515-20260611060515-00433.warc.gz,883870965,29264,562474cc728d0f946433fff73a3a77a6ddd723d71b83348ad7348be394364a0f,20,2026-08-01T08:24:37Z
xs.com,https://www.xs.com/zh-Hans/help-center/account-opening-registration/account-types-eligibility/how-much-money-do-i-need-to-open-an-account/,crawl-data/CC-MAIN-2026-25/segments/1780687572587.61/warc/CC-MAIN-20260610173820-20260610203820-00541.warc.gz,888181587,29971,5ec770a70e61783534595e33686282edefe4aa7e26331bdd9f90a075dec0b62e,20,2026-08-01T08:24:37Z
xs.com,https://www.xs.com/zh-Hans/help-center/account-opening-registration/account-types-eligibility/what-is-the-difference-between-live-and-demo-accounts/,crawl-data/CC-MAIN-2026-25/segments/1780687572587.61/warc/CC-MAIN-20260610173820-20260610203820-00428.warc.gz,883728406,28958,29d5ed6fd39c07633d076f4616fa6d1c3453c49ea5a86d77bd099ec745fb7d05,20,2026-08-01T08:24:37Z
xs.com,https://www.xs.com/zh-Hans/help-center/account-opening-registration/account-types-eligibility/what-types-of-accounts-are-available-at-xs-and-how-do-i-choose-the-right-one/,crawl-data/CC-MAIN-2026-25/segments/1780687572534.97/warc/CC-MAIN-20260610021816-20260610051816-00871.warc.gz,866174986,29804,0f196d7bc4f2b52bb9420f88a85398623361e2003cdf0f9a80cf0e5c45cdb9c9,20,2026-08-01T08:24:37Z
xs.com,https://www.xs.com/zh-Hans/help-center/account-opening-registration/corporate-joint-accounts/can-i-open-a-corporate-or-joint-account/,crawl-data/CC-MAIN-2026-25/segments/1780687865088.86/warc/CC-MAIN-20260618005342-20260618035342-00544.warc.gz,900783009,28397,8f7411cd63c6464240bf4ccb12de5bd5b154e87de478f638a8b8760eee2a4813,20,2026-08-01T08:24:37Z
xs.com,https://www.xs.com/zh-Hans/help-center/account-opening-registration/corporate-joint-accounts/can-i-open-a-joint-account-with-xs/,crawl-data/CC-MAIN-2026-25/segments/1780687866113.84/warc/CC-MAIN-20260618101702-20260618131702-00663.warc.gz,850731312,28375,14abb964d4a8a095dd26166a1949b8add0bb43edf09f688921dc9ec63e70e286,20,2026-08-01T08:24:37Z
xs.com,https://www.xs.com/zh-Hans/help-center/account-opening-registration/corporate-joint-accounts/what-documents-are-required-for-a-corporate-account/,crawl-data/CC-MAIN-2026-25/segments/1780687572683.28/warc/CC-MAIN-20260612010232-20260612040232-00328.warc.gz,913074793,30039,52ee53a2009d16f9a378abd428ce2bc4088000cfd460f504627855c1468b5a4b,20,2026-08-01T08:24:37Z
xs.com,https://www.xs.com/zh-Hans/help-center/account-opening-registration/corporate-joint-accounts/what-documents-are-required-for-a-joint-account/,crawl-data/CC-MAIN-2026-25/segments/1780687865088.86/warc/CC-MAIN-20260618005342-20260618035342-00451.warc.gz,860722346,29740,80e865b934e2720401741dddbe72cbb79dc73caa417e82276ba685afb490ac69,20,2026-08-01T08:24:37Z
xs.com,https://www.xs.com/zh-Hans/help-center/account-opening-registration/demo-accounts/can-i-open-multiple-demo-accounts/,crawl-data/CC-MAIN-2026-25/segments/1780687861447.72/warc/CC-MAIN-20260616204618-20260616234618-00288.warc.gz,883736023,28573,6813bb10876cf91920fae69711ce3502fd8d9c04af7029557fe87c60cf7574f6,20,2026-08-01T08:24:37Z
xs.com,https://www.xs.com/zh-Hans/help-center/account-opening-registration/demo-accounts/can-i-renew-my-demo-account/,crawl-data/CC-MAIN-2026-25/segments/1780687865088.86/warc/CC-MAIN-20260618005342-20260618035342-00242.warc.gz,911152142,28820,8503b3dc410ce4abacb0310864304815a8ebf5b7dbc4bb6df18166e4496ae5bc,20,2026-08-01T08:24:37Z
xs.com,https://www.xs.com/zh-Hans/help-center/account-opening-registration/demo-accounts/does-the-demo-account-expire/,crawl-data/CC-MAIN-2026-25/segments/1780687864556.88/warc/CC-MAIN-20260617214645-20260618004645-00880.warc.gz,903054000,28647,d93ac51be65bd97999a551d66ad4cba3cdc21492bb3fc46eb73fdab5ce74da47,20,2026-08-01T08:24:37Z
xs.com,https://www.xs.com/zh-Hans/help-center/account-opening-registration/getting-started-with-xs/can-i-open-an-account-if-i-live-in-a-restricted-country/,crawl-data/CC-MAIN-2026-25/segments/1780687864556.88/warc/CC-MAIN-20260617214645-20260618004645-00459.warc.gz,893032488,28802,114031c51b02a002b324e5c48b30d80faac405adb640bf77d4c7f53cab2a8386,20,2026-08-01T08:24:37Z
xs.com,https://www.xs.com/zh-Hans/help-center/account-opening-registration/getting-started-with-xs/how-do-i-know-if-my-account-has-been-approved/,crawl-data/CC-MAIN-2026-25/segments/1780687572081.59/warc/CC-MAIN-20260606005016-20260606035016-00013.warc.gz,914759084,29021,1f061486168673758f729499502212b2b13b99eaf3bfd1d6ec62c791dc1bdbe6,20,2026-08-01T08:24:37Z
xs.com,https://www.xs.com/zh-Hans/help-center/account-opening-registration/getting-started-with-xs/how-do-i-open-a-trading-account-with-xs/,crawl-data/CC-MAIN-2026-25/segments/1780687861447.72/warc/CC-MAIN-20260616204618-20260616234618-00968.warc.gz,865512362,29107,d105a3744f992df4dba33d7afa52719cc8ee865757f94adfa255b97207f77d4d,20,2026-08-01T08:24:37Z
xs.com,https://www.xs.com/zh-Hans/help-center/account-opening-registration/getting-started-with-xs/how-long-does-account-approval-take/,crawl-data/CC-MAIN-2026-25/segments/1780687864556.88/warc/CC-MAIN-20260617214645-20260618004645-00567.warc.gz,852888237,28810,146601378900b464d8a9aa54e89c455af48ee6a31d4304c276c7193f281e83ec,20,2026-08-01T08:24:37Z
xs.com,https://www.xs.com/zh-Hans/help-center/account-opening-registration/getting-started-with-xs/what-information-do-i-need-to-open-an-account-with-xs/,crawl-data/CC-MAIN-2026-25/segments/1780687572534.97/warc/CC-MAIN-20260610021816-20260610051816-00042.warc.gz,909029699,29477,5842738b45b2aa81ff5780fc70aba43d59a09ceedc110cde7747d6b830f0322c,20,2026-08-01T08:24:37Z
xs.com,https://www.xs.com/zh-Hans/help-center/account-opening-registration/multiple-accounts-management/can-i-open-an-additional-trading-account-under-the-same-profile/,crawl-data/CC-MAIN-2026-25/segments/1780687572613.18/warc/CC-MAIN-20260611030515-20260611060515-00987.warc.gz,934522224,28818,1b318fef759d1718d4b06cb8acfbd676cf14527d2f46c636b156bd1884b47735,20,2026-08-01T08:24:37Z
xs.com,https://www.xs.com/zh-Hans/help-center/account-opening-registration/multiple-accounts-management/can-i-open-multiple-accounts-with-xs-if-so-how-do-i-manage-them/,crawl-data/CC-MAIN-2026-25/segments/1780687865473.91/warc/CC-MAIN-20260618070847-20260618100847-00719.warc.gz,877674842,28838,7fad7f8caa60272b6243f2fd467b0fbfa4e0bd046bbb48286644ef82aa6af619,20,2026-08-01T08:24:37Z
xs.com,https://www.xs.com/zh-Hans/help-center/account-opening-registration/multiple-accounts-management/how-do-i-transfer-funds-between-my-xs-accounts/,crawl-data/CC-MAIN-2026-25/segments/1780687572683.28/warc/CC-MAIN-20260612010232-20260612040232-00240.warc.gz,927676164,29095,680db9249a17b70d7ff3beef724d1b06d15f65f5236c411d047b9d74dfc04e9c,20,2026-08-01T08:24:37Z
xs.com,https://www.xs.com/zh-Hans/help-center/account-opening-registration/multiple-accounts-management/how-do-i-upgrade-or-downgrade-my-account-type/,crawl-data/CC-MAIN-2026-25/segments/1780687866698.95/warc/CC-MAIN-20260618163205-20260618193205-00423.warc.gz,911328877,28776,5c72b97af6d04c3dcbdf02a1cb7b001b06f93b1757a46d155017b886cad2621c,20,2026-08-01T08:24:37Z
xs.com,https://www.xs.com/zh-Hans/help-center/account-opening-registration/notifications-updates/how-do-i-stay-informed-about-changes-to-my-trading-conditions/,crawl-data/CC-MAIN-2026-25/segments/1780687572343.29/warc/CC-MAIN-20260607221841-20260608011841-00897.warc.gz,983996237,28300,994ff60cab80b3a87622aa475f979ceb1f2e75939044b2b42f3da642c0b9b015,20,2026-08-01T08:24:37Z
zfx.com,https://www.zfx.com/zh-hans/%E8%AE%A2%E5%8D%95%E6%89%A7%E8%A1%8C%E6%94%BF%E7%AD%96/,crawl-data/CC-MAIN-2026-25/segments/1780687572269.32/warc/CC-MAIN-20260607010616-20260607040616-00180.warc.gz,869333098,60176,334e56d1d8b93be05431001a6dd0bfb6a532a29455aa1348fe6af076078be254,1,2026-08-01T08:24:37Z
zfx.com,https://www.zfx.com/zh-hans/about-zfx/contact-us/,crawl-data/CC-MAIN-2026-25/segments/1780687572221.39/warc/CC-MAIN-20260606190247-20260606220247-00264.warc.gz,901706074,96396,76dcda57f708d8120b7970f9274854330d6e412165d00440bd85932b8e73b504,1,2026-08-01T08:24:37Z
zfx.com,https://www.zfx.com/zh-hans/academy/%E4%BA%9A%E9%A9%AC%E9%80%8A%E8%82%A1%E4%BB%B7/,crawl-data/CC-MAIN-2026-25/segments/1780687572493.93/warc/CC-MAIN-20260609201214-20260609231214-00948.warc.gz,921422099,70188,c0e19a2b7de4154cf907b631892665c5c48dbe9e0438b9634551294e33f82ac8,1,2026-08-01T08:24:37Z
zfx.com,https://www.zfx.com/zh-hans/academy/%E4%BD%95%E8%B0%93%E5%9C%BA%E5%A4%96%E4%BA%A4%E6%98%93/,crawl-data/CC-MAIN-2026-25/segments/1780687573097.66/warc/CC-MAIN-20260614092242-20260614122242-00631.warc.gz,877525769,65032,fd8ff2f29b3c029bddad1fcd4080a2acd7fa16595262dabeba942f560f1db984,2,2026-08-01T08:24:37Z
zfx.com,https://www.zfx.com/zh-hans/academy/%E5%86%B3%E5%AE%9A%E6%8A%95%E8%B5%84%E6%96%B9%E5%90%91%E5%92%8C%E5%BF%83%E6%80%81/,crawl-data/CC-MAIN-2026-25/segments/1780687572221.39/warc/CC-MAIN-20260606190247-20260606220247-00864.warc.gz,891943711,66209,295564bc2ae69cef0a307126e13be85dce44272edaa3c3abe1fe033ee7bfe4ed,2,2026-08-01T08:24:37Z
zfx.com,https://www.zfx.com/zh-hans/academy/%E5%9C%A8%E6%B1%87%E5%B8%82%E6%98%AF%E4%BB%80%E4%B9%88%E5%9B%A0%E7%B4%A0%E5%BD%B1%E5%93%8D%E5%90%84%E8%B4%A7%E5%B8%81%E5%8D%87%E8%B7%8C/,crawl-data/CC-MAIN-2026-25/segments/1780687865091.90/warc/CC-MAIN-20260618040039-20260618070039-00549.warc.gz,886703114,64952,b46506b62a7bfa8968932fe8df3f611d99a06d630c2e7de34d93ce40e25fb17b,2,2026-08-01T08:24:37Z
zfx.com,https://www.zfx.com/zh-hans/academy/%E5%9F%83%E5%85%8B%E6%A3%AE%E7%BE%8E%E5%AD%9A%E8%82%A1%E4%BB%B7/,crawl-data/CC-MAIN-2026-25/segments/1780687572269.32/warc/CC-MAIN-20260607010616-20260607040616-00558.warc.gz,883074869,72749,c457cc3ec3841329fc3d1fd4c8dccee74eeab5cd1b9c29b9ecd376b0a52d6430,1,2026-08-01T08:24:37Z
zfx.com,https://www.zfx.com/zh-hans/academy/%E5%A6%82%E4%BD%95%E5%8D%B3%E6%97%B6%E8%B4%AD%E4%B9%B0%E4%B8%87%E4%BA%8B%E8%BE%BE%E5%8D%A1%E8%82%A1%E7%A5%A8/,crawl-data/CC-MAIN-2026-25/segments/1780687572979.7/warc/CC-MAIN-20260614030624-20260614060624-00572.warc.gz,924276232,69875,6854f7b1b9dc21e0d536657d5e9e257cc0be7f39985c87c8afbc64502492687e,1,2026-08-01T08:24:37Z
zfx.com,https://www.zfx.com/zh-hans/academy/%E5%A6%82%E4%BD%95%E8%B4%AD%E4%B9%B0%E4%B8%AD%E5%9B%BD%E7%A7%BB%E5%8A%A8%E8%82%A1%E7%A5%A8/,crawl-data/CC-MAIN-2026-25/segments/1780687572476.83/warc/CC-MAIN-20260609170904-20260609200904-00818.warc.gz,932492171,71754,7e8649f82cc6e50215b740eab19dffa8643898217f0626b96726a0f68be3b27f,1,2026-08-01T08:24:37Z
zfx.com,https://www.zfx.com/zh-hans/academy/%E5%A6%82%E4%BD%95%E8%B4%AD%E4%B9%B0%E4%BA%9A%E9%A9%AC%E9%80%8A%E8%82%A1%E7%A5%A8/,crawl-data/CC-MAIN-2026-25/segments/1780687573581.17/warc/CC-MAIN-20260615225029-20260616015029-00673.warc.gz,892747471,70236,3f9eae8750b466975a3fc74d5cca1ef2049fc529540fa177105c5b4a0d63fab2,1,2026-08-01T08:24:37Z
zfx.com,https://www.zfx.com/zh-hans/academy/%E5%A6%82%E4%BD%95%E8%B4%AD%E4%B9%B0%E4%BA%AC%E4%B8%9C%E8%82%A1%E7%A5%A8/,crawl-data/CC-MAIN-2026-25/segments/1780687572755.62/warc/CC-MAIN-20260612102657-20260612132657-00864.warc.gz,875291642,69181,1e075de73ab746b545599c32b0a75ea7cc6aca24553df1a364d5660bafec0665,1,2026-08-01T08:24:37Z
zfx.com,https://www.zfx.com/zh-hans/academy/%E5%A6%82%E4%BD%95%E8%B4%AD%E4%B9%B0%E6%80%9D%E7%A7%91%E8%82%A1%E7%A5%A8/,crawl-data/CC-MAIN-2026-25/segments/1780687572979.7/warc/CC-MAIN-20260614030624-20260614060624-00561.warc.gz,868157739,70799,d1f4379af3696117484cf1a81c2579f6ceadbc41c383697e3137ac8134e9059c,1,2026-08-01T08:24:37Z
zfx.com,https://www.zfx.com/zh-hans/academy/%E5%A6%82%E4%BD%95%E8%B4%AD%E4%B9%B0%E6%90%BA%E7%A8%8B%E8%82%A1%E7%A5%A8/,crawl-data/CC-MAIN-2026-25/segments/1780687572979.7/warc/CC-MAIN-20260614030624-20260614060624-00669.warc.gz,898112751,72043,04e7ba21b799f8fdfc5142df1eec6095b6afdbc3d38210295ac8749a31d9433e,1,2026-08-01T08:24:37Z
zfx.com,https://www.zfx.com/zh-hans/academy/%E5%A6%82%E4%BD%95%E8%B4%AD%E4%B9%B0%E6%98%9F%E5%B7%B4%E5%85%8B%E8%82%A1%E7%A5%A8/,crawl-data/CC-MAIN-2026-25/segments/1780687865091.90/warc/CC-MAIN-20260618040039-20260618070039-00089.warc.gz,928684968,70562,6ea552f707f37e31ccc4a2c6f97a783a9323f19618d8873dbfc001b721793e9c,1,2026-08-01T08:24:37Z
zfx.com,https://www.zfx.com/zh-hans/academy/%E5%A6%82%E4%BD%95%E8%B4%AD%E4%B9%B0%E7%89%B9%E6%96%AF%E6%8B%89%E8%82%A1%E7%A5%A8/,crawl-data/CC-MAIN-2026-25/segments/1780687572323.67/warc/CC-MAIN-20260607131316-20260607161316-00857.warc.gz,869305134,71124,65a2df64dce0273c8dcb82ecb498bdac85f9514cb4d30dadeb080cc8383f26db,2,2026-08-01T08:24:37Z
zfx.com,https://www.zfx.com/zh-hans/academy/%E5%A6%82%E4%BD%95%E8%B4%AD%E4%B9%B0%E8%8A%B1%E6%97%97%E9%9B%86%E5%9B%A2%E8%82%A1%E7%A5%A8/,crawl-data/CC-MAIN-2026-25/segments/1780687572269.32/warc/CC-MAIN-20260607010616-20260607040616-00570.warc.gz,890669405,69967,4830fbeac6fe2047b4679162b589d27480f0fed9f5b409daad83251e958bed3f,1,2026-08-01T08:24:37Z
zfx.com,https://www.zfx.com/zh-hans/academy/%E5%A6%82%E4%BD%95%E8%B4%AD%E4%B9%B0ibm%E8%82%A1%E7%A5%A8/,crawl-data/CC-MAIN-2026-25/segments/1780687572476.83/warc/CC-MAIN-20260609170904-20260609200904-00921.warc.gz,931759839,70792,eeb3c1d37f2481848d237e9c8902d8d77f942247a76e3aedc3122353ec959338,1,2026-08-01T08:24:37Z
zfx.com,https://www.zfx.com/zh-hans/academy/%E5%AE%9D%E6%B4%81%E8%82%A1%E4%BB%B7/,crawl-data/CC-MAIN-2026-25/segments/1780687572408.13/warc/CC-MAIN-20260608103055-20260608133055-00311.warc.gz,918512021,69880,132e885dbf23e07c317b22129822dc088b1639fe19d9edb4cb8790ae508219f0,1,2026-08-01T08:24:37Z
zfx.com,https://www.zfx.com/zh-hans/academy/%E5%B8%83%E4%BC%A6%E7%89%B9%E5%8E%9F%E6%B2%B9/,crawl-data/CC-MAIN-2026-25/segments/1780687572410.96/warc/CC-MAIN-20260608133404-20260608163404-00436.warc.gz,998608168,72253,43d9525fa8975afbe722ff0d9fcb1363108b5d9bc404531280269a72911afd1d,1,2026-08-01T08:24:37Z
zfx.com,https://www.zfx.com/zh-hans/academy/%E6%81%92%E7%94%9F%E6%8C%87%E6%95%B0/,crawl-data/CC-MAIN-2026-25/segments/1780687572476.83/warc/CC-MAIN-20260609170904-20260609200904-00794.warc.gz,882885413,71221,765b5818b0d4992c6cedd188c0099fb3e72e03d3f4f9d3e43b764a4932a278ea,1,2026-08-01T08:24:37Z
zfx.com,https://www.zfx.com/zh-hans/academy/%E6%90%BA%E7%A8%8B%E8%82%A1%E4%BB%B7/,crawl-data/CC-MAIN-2026-25/segments/1780687573581.17/warc/CC-MAIN-20260615225029-20260616015029-00500.warc.gz,892460648,70918,e4de1b8f752dbb9371fc48543e12fbba06ec5467f15eca24423a6f8edece02f2,2,2026-08-01T08:24:37Z
zfx.com,https://www.zfx.com/zh-hans/academy/%E6%98%9F%E5%B7%B4%E5%85%8B%E8%82%A1%E4%BB%B7/,crawl-data/CC-MAIN-2026-25/segments/1780687572575.51/warc/CC-MAIN-20260610082535-20260610112535-00364.warc.gz,931939905,69727,50a51c9ba4397d3786ebadeec55df54b08e37fa4c05f086cb5d3d2802e0da6c9,1,2026-08-01T08:24:37Z
zfx.com,https://www.zfx.com/zh-hans/academy/%E6%AC%A7%E6%B4%B2%E6%96%AF%E6%89%98%E5%85%8B50%E6%8C%87%E6%95%B0/,crawl-data/CC-MAIN-2026-25/segments/1780687572979.7/warc/CC-MAIN-20260614030624-20260614060624-00448.warc.gz,909420213,71017,07e3d793d5c17d6764a8d56005ea670ef9772eb0d3c39c82597efda99322405b,1,2026-08-01T08:24:37Z
zfx.com,https://www.zfx.com/zh-hans/academy/%E8%8B%B1%E7%89%B9%E5%B0%94%E8%82%A1%E4%BB%B7/,crawl-data/CC-MAIN-2026-25/segments/1780687572410.96/warc/CC-MAIN-20260608133404-20260608163404-00486.warc.gz,895280762,70515,255c473d00fb2f4e76232088a9a020ca443fed97fc6c67bafc461314f58181ad,1,2026-08-01T08:24:37Z
zfx.com,https://www.zfx.com/zh-hans/academy/%E8%BF%9B%E8%A1%8C%E7%BD%91%E4%B8%8A%E4%BA%A4%E6%98%93%E5%89%8D%E7%9A%84%E6%B3%A8%E6%84%8F%E4%BA%8B%E9%A1%B9/,crawl-data/CC-MAIN-2026-25/segments/1780687572323.67/warc/CC-MAIN-20260607131316-20260607161316-00994.warc.gz,901697183,66204,57a45e3b8c0a4c7226b7dfaa5443af0c9283d42eac7018edc90846390b4914dd,2,2026-08-01T08:24:37Z
zfx.com,https://www.zfx.com/zh-hans/academy/%E9%98%BF%E9%87%8C%E5%B7%B4%E5%B7%B4%E8%82%A1%E4%BB%B7/,crawl-data/CC-MAIN-2026-25/segments/1780687572493.93/warc/CC-MAIN-20260609201214-20260609231214-00633.warc.gz,910086132,71159,c233f52a6eb73c63f0c33bc8301a321fb84a3cc4db27c1f9cea17a8916ae024a,1,2026-08-01T08:24:37Z
zfx.com,https://www.zfx.com/zh-hans/academy/%E9%BA%A6%E5%BD%93%E5%8A%B3%E8%82%A1%E4%BB%B7/,crawl-data/CC-MAIN-2026-25/segments/1780687861610.98/warc/CC-MAIN-20260616235429-20260617025429-00945.warc.gz,886721390,70421,376bbbd2d8ad3f456a6bf6e6d4c9c7a9ea67a5a05949742c2799d16e8c116aed,2,2026-08-01T08:24:37Z
zfx.com,https://www.zfx.com/zh-hans/academy/%E9%BB%83%E9%87%91%E4%BA%A4%E5%8F%89/,crawl-data/CC-MAIN-2026-25/segments/1780687572575.51/warc/CC-MAIN-20260610082535-20260610112535-00389.warc.gz,879449469,68243,fdd5d73ad387a45cadba43345420b1f6f514d91e6f9dbfac6d7063a219c168e3,2,2026-08-01T08:24:37Z
zfx.com,https://www.zfx.com/zh-hans/academy/10-%E5%A6%82%E4%BD%95%E5%BE%9E%E7%B6%93%E6%BF%9F%E6%95%B8%E6%93%9A%E4%B8%AD%E5%88%A4%E6%96%B7%E5%B8%82%E5%A0%B4%E5%8E%BB%E5%90%91/,crawl-data/CC-MAIN-2026-25/segments/1780687573581.17/warc/CC-MAIN-20260615225029-20260616015029-00217.warc.gz,901385851,66419,b73d06b006ad5fa6703aa55c388cd1d15937a404dc38b5fcfbea59af7ca8dd79,2,2026-08-01T08:24:37Z
zfx.com,https://www.zfx.com/zh-hans/academy/202006300001/,crawl-data/CC-MAIN-2026-25/segments/1780687861610.98/warc/CC-MAIN-20260616235429-20260617025429-00859.warc.gz,838156694,65448,1965f8d62cf90c41a26870b27232025f8c7732747a5f355162b6088567747543,1,2026-08-01T08:24:37Z
zfx.com,https://www.zfx.com/zh-hans/academy/202007200001/,crawl-data/CC-MAIN-2026-25/segments/1780687572755.62/warc/CC-MAIN-20260612102657-20260612132657-00865.warc.gz,864828788,67422,76e4713b5836cac52ad9afec00cc518a90cd623bb5a9ecac2e5e840ceb9f2cdc,1,2026-08-01T08:24:37Z
zfx.com,https://www.zfx.com/zh-hans/academy/202007270001/,crawl-data/CC-MAIN-2026-25/segments/1780687573581.17/warc/CC-MAIN-20260615225029-20260616015029-00922.warc.gz,910035167,65703,187b68ffe914f9c4c460dc933ae35f0da8ea3c969b75b61a355e21a6f62f9434,1,2026-08-01T08:24:37Z
zfx.com,https://www.zfx.com/zh-hans/academy/2021012012345/,crawl-data/CC-MAIN-2026-25/segments/1780687572269.32/warc/CC-MAIN-20260607010616-20260607040616-00436.warc.gz,896948068,66397,2fb852dd1a47fd3b58117e7894e7c4168f93493800c8c374a6e3867a00806fa1,2,2026-08-01T08:24:37Z
zfx.com,https://www.zfx.com/zh-hans/academy/30-mt4%E6%89%8B%E6%9C%BA%E7%89%88%E4%BB%8B%E7%BB%8D/,crawl-data/CC-MAIN-2026-25/segments/1780687572575.51/warc/CC-MAIN-20260610082535-20260610112535-00569.warc.gz,895602530,66171,247573894f8c53a205425d121e67b856d3ded5293ab9b48bfec8b96e30df81e2,2,2026-08-01T08:24:37Z
zfx.com,https://www.zfx.com/zh-hans/academy/31-mt4%E4%B8%8Emt5%E7%9A%84%E5%88%86%E5%88%AB/,crawl-data/CC-MAIN-2026-25/segments/1780687573581.17/warc/CC-MAIN-20260615225029-20260616015029-00358.warc.gz,863528180,65009,cf2d4c7055b4a6b9b07c2a2c0007a4be0237239dce3876b7d26b11f0f7476d1e,2,2026-08-01T08:24:37Z
zfx.com,https://www.zfx.com/zh-hans/academy/4-%E4%BB%93%E4%BD%8D%E7%AE%A1%E7%90%86%E5%8F%8A%E8%A7%84%E5%88%92/,crawl-data/CC-MAIN-2026-25/segments/1780687572410.96/warc/CC-MAIN-20260608133404-20260608163404-00175.warc.gz,919624224,66598,401406bdb9d5cc158e2229b42090adeb7c43588cc6359fd702bae4cbb9596396,2,2026-08-01T08:24:37Z
zfx.com,https://www.zfx.com/zh-hans/academy/cac-40%E6%8C%87%E6%95%B0/,crawl-data/CC-MAIN-2026-25/segments/1780687572755.62/warc/CC-MAIN-20260612102657-20260612132657-00793.warc.gz,903903667,71483,ac6adc34f6015efc3fad305ec735c7713cdda4503054774bf13602174e1f1564,2,2026-08-01T08:24:37Z
zfx.com,https://www.zfx.com/zh-hans/academy/category/understanding-forex-trading-zh-hans/,crawl-data/CC-MAIN-2026-25/segments/1780687573581.17/warc/CC-MAIN-20260615225029-20260616015029-00645.warc.gz,921715175,58835,32d99137984ae00d5fc379058975ccf84a7be01136e1bf5137c8074c4fd0770b,1,2026-08-01T08:24:37Z
zfx.com,https://www.zfx.com/zh-hans/academy/category/what-is-forex-series-zh-hans/,crawl-data/CC-MAIN-2026-25/segments/1780687572979.7/warc/CC-MAIN-20260614030624-20260614060624-00256.warc.gz,848027911,59792,e8dd2de2d00cdb4e2ce3e7ee33f2a9b8868b6d6d32472dfba3034725c1f7c10b,1,2026-08-01T08:24:37Z
zfx.com,https://www.zfx.com/zh-hans/academy/category/z-academy-beginner-zh-hans/,crawl-data/CC-MAIN-2026-25/segments/1780687865091.90/warc/CC-MAIN-20260618040039-20260618070039-00436.warc.gz,910031376,61078,ec232fd9623dd1b7a50ea1d34c13fd338b146ff728bc2fcec2c9743c779773fe,1,2026-08-01T08:24:37Z
